{"type": "FeatureCollection", "features": [{"type": "Feature", "geometry": {"type": "Point", "coordinates": [34.853226, 32.280443]}, "properties": {"UNIQ_ID": 64746160, "FCODE_TYPE": 256, "SETL_CODE": 7400, "SETL_NAME": "\u05e0\u05ea\u05e0\u05d9\u05d4", "NAME": "\u05de\u05d2\u05e8\u05e9 \u05d7\u05e0\u05d9\u05d4", "LATIN_NAME": null, "USG_GROUP": 51, "USG_CODE": 6824, "E_ORD": 186434.012527, "N_ORD": 687515.564194, "DATA_YEAR": 0, "PRDCT_VER": null, "X": 186434.012527, "Y": 687515.564194, "lon": 34.85322584864511, "lat": 32.28044302729654}}, {"type": "Feature", "geometry": {"type": "Point", "coordinates": [34.861851, 32.274445]}, "properties": {"UNIQ_ID": 51585680, "FCODE_TYPE": 256, "SETL_CODE": 7400, "SETL_NAME": "\u05e0\u05ea\u05e0\u05d9\u05d4", "NAME": "\u05de\u05d2\u05e8\u05e9 \u05d7\u05e0\u05d9\u05d4", "LATIN_NAME": null, "USG_GROUP": 51, "USG_CODE": 6824, "E_ORD": 187244.503627, "N_ORD": 686847.754194, "DATA_YEAR": 2014, "PRDCT_VER": "2015-07", "X": 187244.503627, "Y": 686847.754194, "lon": 34.861851266164294, "lat": 32.27444501120517}}, {"type": "Feature", "geometry": {"type": "Point", "coordinates": [34.868692, 32.333171]}, "properties": {"UNIQ_ID": 64746043, "FCODE_TYPE": 256, "SETL_CODE": 7400, "SETL_NAME": "\u05e0\u05ea\u05e0\u05d9\u05d4", "NAME": "\u05de\u05d2\u05e8\u05e9 \u05d7\u05e0\u05d9\u05d4", "LATIN_NAME": null, "USG_GROUP": 51, "USG_CODE": 6824, "E_ORD": 187909.438027, "N_ORD": 693358.441194, "DATA_YEAR": 0, "PRDCT_VER": null, "X": 187909.438027, "Y": 693358.441194, "lon": 34.868692156476456, "lat": 32.33317072974452}}, {"type": "Feature", "geometry": {"type": "Point", "coordinates": [34.856399, 32.309856]}, "properties": {"UNIQ_ID": 64746066, "FCODE_TYPE": 256, "SETL_CODE": 7400, "SETL_NAME": "\u05e0\u05ea\u05e0\u05d9\u05d4", "NAME": "\u05de\u05d2\u05e8\u05e9 \u05d7\u05e0\u05d9\u05d4", "LATIN_NAME": null, "USG_GROUP": 51, "USG_CODE": 6824, "E_ORD": 186743.517527, "N_ORD": 690776.491694, "DATA_YEAR": 0, "PRDCT_VER": null, "X": 186743.517527, "Y": 690776.491694, "lon": 34.8563986601261, "lat": 32.30985586036507}}, {"type": "Feature", "geometry": {"type": "Point", "coordinates": [34.870412, 32.321157]}, "properties": {"UNIQ_ID": 51591707, "FCODE_TYPE": 256, "SETL_CODE": 7400, "SETL_NAME": "\u05e0\u05ea\u05e0\u05d9\u05d4", "NAME": "\u05de\u05d2\u05e8\u05e9 \u05d7\u05e0\u05d9\u05d4", "LATIN_NAME": null, "USG_GROUP": 51, "USG_CODE": 6824, "E_ORD": 188067.183327, "N_ORD": 692025.548594, "DATA_YEAR": 0, "PRDCT_VER": null, "X": 188067.183327, "Y": 692025.548594, "lon": 34.8704116234651, "lat": 32.3211565473842}}, {"type": "Feature", "geometry": {"type": "Point", "coordinates": [34.87169, 32.322089]}, "properties": {"UNIQ_ID": 51585018, "FCODE_TYPE": 256, "SETL_CODE": 7400, "SETL_NAME": "\u05e0\u05ea\u05e0\u05d9\u05d4", "NAME": "\u05de\u05d2\u05e8\u05e9 \u05d7\u05e0\u05d9\u05d4", "LATIN_NAME": null, "USG_GROUP": 51, "USG_CODE": 6824, "E_ORD": 188187.928527, "N_ORD": 692128.549394, "DATA_YEAR": 0, "PRDCT_VER": null, "X": 188187.928527, "Y": 692128.549394, "lon": 34.87169042434273, "lat": 32.32208868971662}}, {"type": "Feature", "geometry": {"type": "Point", "coordinates": [34.86128, 32.276788]}, "properties": {"UNIQ_ID": 51591374, "FCODE_TYPE": 256, "SETL_CODE": 7400, "SETL_NAME": "\u05e0\u05ea\u05e0\u05d9\u05d4", "NAME": "\u05de\u05d2\u05e8\u05e9 \u05d7\u05e0\u05d9\u05d4", "LATIN_NAME": null, "USG_GROUP": 51, "USG_CODE": 6824, "E_ORD": 187191.502627, "N_ORD": 687107.719694, "DATA_YEAR": 0, "PRDCT_VER": null, "X": 187191.502627, "Y": 687107.719694, "lon": 34.86127990909362, "lat": 32.27678759742818}}, {"type": "Feature", "geometry": {"type": "Point", "coordinates": [34.872761, 32.305931]}, "properties": {"UNIQ_ID": 64745979, "FCODE_TYPE": 256, "SETL_CODE": 7400, "SETL_NAME": "\u05e0\u05ea\u05e0\u05d9\u05d4", "NAME": "\u05de\u05d2\u05e8\u05e9 \u05d7\u05e0\u05d9\u05d4", "LATIN_NAME": null, "USG_GROUP": 51, "USG_CODE": 6824, "E_ORD": 188283.225927, "N_ORD": 690336.347194, "DATA_YEAR": 0, "PRDCT_VER": null, "X": 188283.225927, "Y": 690336.347194, "lon": 34.8727613094794, "lat": 32.30593111358456}}, {"type": "Feature", "geometry": {"type": "Point", "coordinates": [34.86784, 32.318651]}, "properties": {"UNIQ_ID": 64746018, "FCODE_TYPE": 256, "SETL_CODE": 7400, "SETL_NAME": "\u05e0\u05ea\u05e0\u05d9\u05d4", "NAME": "\u05de\u05d2\u05e8\u05e9 \u05d7\u05e0\u05d9\u05d4", "LATIN_NAME": null, "USG_GROUP": 51, "USG_CODE": 6824, "E_ORD": 187824.182927, "N_ORD": 691748.439894, "DATA_YEAR": 0, "PRDCT_VER": null, "X": 187824.182927, "Y": 691748.439894, "lon": 34.86784043812464, "lat": 32.31865101112092}}, {"type": "Feature", "geometry": {"type": "Point", "coordinates": [34.863656, 32.325848]}, "properties": {"UNIQ_ID": 64746052, "FCODE_TYPE": 256, "SETL_CODE": 7400, "SETL_NAME": "\u05e0\u05ea\u05e0\u05d9\u05d4", "NAME": "\u05de\u05d2\u05e8\u05e9 \u05d7\u05e0\u05d9\u05d4", "LATIN_NAME": null, "USG_GROUP": 51, "USG_CODE": 6824, "E_ORD": 187432.648827, "N_ORD": 692547.851394, "DATA_YEAR": 0, "PRDCT_VER": null, "X": 187432.648827, "Y": 692547.851394, "lon": 34.86365583712802, "lat": 32.325848108229884}}, {"type": "Feature", "geometry": {"type": "Point", "coordinates": [34.857212, 32.34367]}, "properties": {"UNIQ_ID": 64746033, "FCODE_TYPE": 256, "SETL_CODE": 7400, "SETL_NAME": "\u05e0\u05ea\u05e0\u05d9\u05d4", "NAME": "\u05de\u05d2\u05e8\u05e9 \u05d7\u05e0\u05d9\u05d4", "LATIN_NAME": null, "USG_GROUP": 51, "USG_CODE": 6824, "E_ORD": 186832.264627, "N_ORD": 694526.273794, "DATA_YEAR": 0, "PRDCT_VER": null, "X": 186832.264627, "Y": 694526.273794, "lon": 34.85721189441985, "lat": 32.34367002139959}}, {"type": "Feature", "geometry": {"type": "Point", "coordinates": [34.862251, 32.276627]}, "properties": {"UNIQ_ID": 64746153, "FCODE_TYPE": 256, "SETL_CODE": 7400, "SETL_NAME": "\u05e0\u05ea\u05e0\u05d9\u05d4", "NAME": "\u05de\u05d2\u05e8\u05e9 \u05d7\u05e0\u05d9\u05d4", "LATIN_NAME": null, "USG_GROUP": 51, "USG_CODE": 6824, "E_ORD": 187282.901627, "N_ORD": 687089.634994, "DATA_YEAR": 0, "PRDCT_VER": null, "X": 187282.901627, "Y": 687089.634994, "lon": 34.86225061731831, "lat": 32.2766271601563}}, {"type": "Feature", "geometry": {"type": "Point", "coordinates": [34.869986, 32.318896]}, "properties": {"UNIQ_ID": 51589524, "FCODE_TYPE": 256, "SETL_CODE": 7400, "SETL_NAME": "\u05e0\u05ea\u05e0\u05d9\u05d4", "NAME": "\u05de\u05d2\u05e8\u05e9 \u05d7\u05e0\u05d9\u05d4 - \u05e4\u05e8\u05d9\u05d0\u05d5\u05e8", "LATIN_NAME": null, "USG_GROUP": 51, "USG_CODE": 6824, "E_ORD": 188026.321527, "N_ORD": 691774.946794, "DATA_YEAR": 0, "PRDCT_VER": null, "X": 188026.321527, "Y": 691774.946794, "lon": 34.86998601767737, "lat": 32.3188957307162}}, {"type": "Feature", "geometry": {"type": "Point", "coordinates": [34.878417, 32.307506]}, "properties": {"UNIQ_ID": 51592524, "FCODE_TYPE": 256, "SETL_CODE": 7400, "SETL_NAME": "\u05e0\u05ea\u05e0\u05d9\u05d4", "NAME": "\u05de\u05d2\u05e8\u05e9 \u05d7\u05e0\u05d9\u05d4 - \u05de\u05db\u05dc\u05dc\u05ea \u05d4\u05d0\u05e7\u05d3\u05de\u05d9\u05d4 \u05e0\u05ea\u05e0\u05d9\u05d4", "LATIN_NAME": null, "USG_GROUP": 51, "USG_CODE": 6824, "E_ORD": 188816.459027, "N_ORD": 690509.326694, "DATA_YEAR": 0, "PRDCT_VER": null, "X": 188816.459027, "Y": 690509.326694, "lon": 34.878417201931505, "lat": 32.3075056201555}}, {"type": "Feature", "geometry": {"type": "Point", "coordinates": [34.853916, 32.282422]}, "properties": {"UNIQ_ID": 64746055, "FCODE_TYPE": 256, "SETL_CODE": 7400, "SETL_NAME": "\u05e0\u05ea\u05e0\u05d9\u05d4", "NAME": "\u05de\u05d2\u05e8\u05e9 \u05d7\u05e0\u05d9\u05d4", "LATIN_NAME": null, "USG_GROUP": 51, "USG_CODE": 6824, "E_ORD": 186499.715827, "N_ORD": 687734.808394, "DATA_YEAR": 0, "PRDCT_VER": null, "X": 186499.715827, "Y": 687734.808394, "lon": 34.853915636066624, "lat": 32.28242189095994}}, {"type": "Feature", "geometry": {"type": "Point", "coordinates": [34.860168, 32.295833]}, "properties": {"UNIQ_ID": 64745970, "FCODE_TYPE": 256, "SETL_CODE": 7400, "SETL_NAME": "\u05e0\u05ea\u05e0\u05d9\u05d4", "NAME": "\u05de\u05d2\u05e8\u05e9 \u05d7\u05e0\u05d9\u05d4", "LATIN_NAME": null, "USG_GROUP": 51, "USG_CODE": 6824, "E_ORD": 187093.530127, "N_ORD": 689220.158394, "DATA_YEAR": 0, "PRDCT_VER": null, "X": 187093.530127, "Y": 689220.158394, "lon": 34.86016806475958, "lat": 32.295832631292576}}, {"type": "Feature", "geometry": {"type": "Point", "coordinates": [34.864461, 32.290299]}, "properties": {"UNIQ_ID": 51586237, "FCODE_TYPE": 256, "SETL_CODE": 7400, "SETL_NAME": "\u05e0\u05ea\u05e0\u05d9\u05d4", "NAME": "\u05de\u05d2\u05e8\u05e9 \u05d7\u05e0\u05d9\u05d4", "LATIN_NAME": null, "USG_GROUP": 51, "USG_CODE": 6824, "E_ORD": 187495.930827, "N_ORD": 688605.162394, "DATA_YEAR": 0, "PRDCT_VER": null, "X": 187495.930827, "Y": 688605.162394, "lon": 34.86446068354393, "lat": 32.29029879369049}}, {"type": "Feature", "geometry": {"type": "Point", "coordinates": [34.859884, 32.325244]}, "properties": {"UNIQ_ID": 64746026, "FCODE_TYPE": 256, "SETL_CODE": 7400, "SETL_NAME": "\u05e0\u05ea\u05e0\u05d9\u05d4", "NAME": "\u05de\u05d2\u05e8\u05e9 \u05d7\u05e0\u05d9\u05d4", "LATIN_NAME": null, "USG_GROUP": 51, "USG_CODE": 6824, "E_ORD": 187077.227127, "N_ORD": 692482.009494, "DATA_YEAR": 0, "PRDCT_VER": null, "X": 187077.227127, "Y": 692482.009494, "lon": 34.85988365841217, "lat": 32.32524416362215}}, {"type": "Feature", "geometry": {"type": "Point", "coordinates": [34.866082, 32.327989]}, "properties": {"UNIQ_ID": 64746051, "FCODE_TYPE": 256, "SETL_CODE": 7400, "SETL_NAME": "\u05e0\u05ea\u05e0\u05d9\u05d4", "NAME": "\u05de\u05d2\u05e8\u05e9 \u05d7\u05e0\u05d9\u05d4", "LATIN_NAME": null, "USG_GROUP": 51, "USG_CODE": 6824, "E_ORD": 187661.888727, "N_ORD": 692784.522794, "DATA_YEAR": 0, "PRDCT_VER": null, "X": 187661.888727, "Y": 692784.522794, "lon": 34.866082329726346, "lat": 32.327988714610605}}, {"type": "Feature", "geometry": {"type": "Point", "coordinates": [34.85204, 32.282469]}, "properties": {"UNIQ_ID": 64746158, "FCODE_TYPE": 256, "SETL_CODE": 7400, "SETL_NAME": "\u05e0\u05ea\u05e0\u05d9\u05d4", "NAME": "\u05de\u05d2\u05e8\u05e9 \u05d7\u05e0\u05d9\u05d4", "LATIN_NAME": null, "USG_GROUP": 51, "USG_CODE": 6824, "E_ORD": 186323.000527, "N_ORD": 687740.618594, "DATA_YEAR": 0, "PRDCT_VER": null, "X": 186323.000527, "Y": 687740.618594, "lon": 34.85203968840544, "lat": 32.2824690598587}}, {"type": "Feature", "geometry": {"type": "Point", "coordinates": [34.870626, 32.32321]}, "properties": {"UNIQ_ID": 51585722, "FCODE_TYPE": 256, "SETL_CODE": 7400, "SETL_NAME": "\u05e0\u05ea\u05e0\u05d9\u05d4", "NAME": "\u05de\u05d2\u05e8\u05e9 \u05d7\u05e0\u05d9\u05d4", "LATIN_NAME": null, "USG_GROUP": 51, "USG_CODE": 6824, "E_ORD": 188088.060627, "N_ORD": 692253.266994, "DATA_YEAR": 0, "PRDCT_VER": null, "X": 188088.060627, "Y": 692253.266994, "lon": 34.870625785648194, "lat": 32.32321046194735}}, {"type": "Feature", "geometry": {"type": "Point", "coordinates": [34.862713, 32.290495]}, "properties": {"UNIQ_ID": 51592447, "FCODE_TYPE": 256, "SETL_CODE": 7400, "SETL_NAME": "\u05e0\u05ea\u05e0\u05d9\u05d4", "NAME": "\u05de\u05d2\u05e8\u05e9 \u05d7\u05e0\u05d9\u05d4", "LATIN_NAME": null, "USG_GROUP": 51, "USG_CODE": 6824, "E_ORD": 187331.393227, "N_ORD": 688627.459094, "DATA_YEAR": 0, "PRDCT_VER": null, "X": 187331.393227, "Y": 688627.459094, "lon": 34.862713291487744, "lat": 32.2904951268745}}, {"type": "Feature", "geometry": {"type": "Point", "coordinates": [34.873371, 32.308066]}, "properties": {"UNIQ_ID": 64746121, "FCODE_TYPE": 256, "SETL_CODE": 7400, "SETL_NAME": "\u05e0\u05ea\u05e0\u05d9\u05d4", "NAME": "\u05de\u05d2\u05e8\u05e9 \u05d7\u05e0\u05d9\u05d4", "LATIN_NAME": null, "USG_GROUP": 51, "USG_CODE": 6824, "E_ORD": 188341.423727, "N_ORD": 690572.937394, "DATA_YEAR": 0, "PRDCT_VER": null, "X": 188341.423727, "Y": 690572.937394, "lon": 34.873371451660546, "lat": 32.308066066242354}}, {"type": "Feature", "geometry": {"type": "Point", "coordinates": [34.874569, 32.295969]}, "properties": {"UNIQ_ID": 64746134, "FCODE_TYPE": 256, "SETL_CODE": 7400, "SETL_NAME": "\u05e0\u05ea\u05e0\u05d9\u05d4", "NAME": "\u05de\u05d2\u05e8\u05e9 \u05d7\u05e0\u05d9\u05d4", "LATIN_NAME": null, "USG_GROUP": 51, "USG_CODE": 6824, "E_ORD": 188450.111427, "N_ORD": 689230.991094, "DATA_YEAR": 0, "PRDCT_VER": null, "X": 188450.111427, "Y": 689230.991094, "lon": 34.874569291697156, "lat": 32.29596876795244}}, {"type": "Feature", "geometry": {"type": "Point", "coordinates": [34.857626, 32.292892]}, "properties": {"UNIQ_ID": 64746135, "FCODE_TYPE": 256, "SETL_CODE": 7400, "SETL_NAME": "\u05e0\u05ea\u05e0\u05d9\u05d4", "NAME": "\u05de\u05d2\u05e8\u05e9 \u05d7\u05e0\u05d9\u05d4", "LATIN_NAME": null, "USG_GROUP": 51, "USG_CODE": 6824, "E_ORD": 186853.006527, "N_ORD": 688894.845694, "DATA_YEAR": 0, "PRDCT_VER": null, "X": 186853.006527, "Y": 688894.845694, "lon": 34.857625820181035, "lat": 32.29289230039262}}, {"type": "Feature", "geometry": {"type": "Point", "coordinates": [34.862094, 32.27609]}, "properties": {"UNIQ_ID": 64746152, "FCODE_TYPE": 256, "SETL_CODE": 7400, "SETL_NAME": "\u05e0\u05ea\u05e0\u05d9\u05d4", "NAME": "\u05de\u05d2\u05e8\u05e9 \u05d7\u05e0\u05d9\u05d4", "LATIN_NAME": null, "USG_GROUP": 51, "USG_CODE": 6824, "E_ORD": 187267.925227, "N_ORD": 687030.140694, "DATA_YEAR": 0, "PRDCT_VER": null, "X": 187267.925227, "Y": 687030.140694, "lon": 34.86209367551939, "lat": 32.27609026808411}}, {"type": "Feature", "geometry": {"type": "Point", "coordinates": [34.873458, 32.310985]}, "properties": {"UNIQ_ID": 51585330, "FCODE_TYPE": 256, "SETL_CODE": 7400, "SETL_NAME": "\u05e0\u05ea\u05e0\u05d9\u05d4", "NAME": "\u05de\u05d2\u05e8\u05e9 \u05d7\u05e0\u05d9\u05d4", "LATIN_NAME": null, "USG_GROUP": 51, "USG_CODE": 6824, "E_ORD": 188350.616427, "N_ORD": 690896.573694, "DATA_YEAR": 0, "PRDCT_VER": null, "X": 188350.616427, "Y": 690896.573694, "lon": 34.873458442998164, "lat": 32.31098454471569}}, {"type": "Feature", "geometry": {"type": "Point", "coordinates": [34.858862, 32.338211]}, "properties": {"UNIQ_ID": 64746039, "FCODE_TYPE": 256, "SETL_CODE": 7400, "SETL_NAME": "\u05e0\u05ea\u05e0\u05d9\u05d4", "NAME": "\u05de\u05d2\u05e8\u05e9 \u05d7\u05e0\u05d9\u05d4", "LATIN_NAME": null, "USG_GROUP": 51, "USG_CODE": 6824, "E_ORD": 186985.707427, "N_ORD": 693920.318394, "DATA_YEAR": 0, "PRDCT_VER": null, "X": 186985.707427, "Y": 693920.318394, "lon": 34.85886248258858, "lat": 32.33821064480181}}, {"type": "Feature", "geometry": {"type": "Point", "coordinates": [34.874845, 32.306759]}, "properties": {"UNIQ_ID": 64746127, "FCODE_TYPE": 256, "SETL_CODE": 7400, "SETL_NAME": "\u05e0\u05ea\u05e0\u05d9\u05d4", "NAME": "\u05de\u05d2\u05e8\u05e9 \u05d7\u05e0\u05d9\u05d4", "LATIN_NAME": null, "USG_GROUP": 51, "USG_CODE": 6824, "E_ORD": 188479.776027, "N_ORD": 690427.606894, "DATA_YEAR": 0, "PRDCT_VER": null, "X": 188479.776027, "Y": 690427.606894, "lon": 34.874845154596535, "lat": 32.306759468334306}}, {"type": "Feature", "geometry": {"type": "Point", "coordinates": [34.856719, 32.285407]}, "properties": {"UNIQ_ID": 64746168, "FCODE_TYPE": 256, "SETL_CODE": 7400, "SETL_NAME": "\u05e0\u05ea\u05e0\u05d9\u05d4", "NAME": "\u05de\u05d2\u05e8\u05e9 \u05d7\u05e0\u05d9\u05d4", "LATIN_NAME": null, "USG_GROUP": 51, "USG_CODE": 6824, "E_ORD": 186764.861827, "N_ORD": 688065.043894, "DATA_YEAR": 0, "PRDCT_VER": null, "X": 186764.861827, "Y": 688065.043894, "lon": 34.8567186649181, "lat": 32.28540740761037}}, {"type": "Feature", "geometry": {"type": "Point", "coordinates": [34.858543, 32.325107]}, "properties": {"UNIQ_ID": 64746058, "FCODE_TYPE": 256, "SETL_CODE": 7400, "SETL_NAME": "\u05e0\u05ea\u05e0\u05d9\u05d4", "NAME": "\u05de\u05d2\u05e8\u05e9 \u05d7\u05e0\u05d9\u05d4", "LATIN_NAME": null, "USG_GROUP": 51, "USG_CODE": 6824, "E_ORD": 186950.975327, "N_ORD": 692467.244894, "DATA_YEAR": 0, "PRDCT_VER": null, "X": 186950.975327, "Y": 692467.244894, "lon": 34.8585434333328, "lat": 32.32510736334566}}, {"type": "Feature", "geometry": {"type": "Point", "coordinates": [34.879011, 32.307714]}, "properties": {"UNIQ_ID": 64746116, "FCODE_TYPE": 256, "SETL_CODE": 7400, "SETL_NAME": "\u05e0\u05ea\u05e0\u05d9\u05d4", "NAME": "\u05de\u05d2\u05e8\u05e9 \u05d7\u05e0\u05d9\u05d4", "LATIN_NAME": null, "USG_GROUP": 51, "USG_CODE": 6824, "E_ORD": 188872.481127, "N_ORD": 690532.260094, "DATA_YEAR": 0, "PRDCT_VER": null, "X": 188872.481127, "Y": 690532.260094, "lon": 34.879011274698165, "lat": 32.30771394560711}}, {"type": "Feature", "geometry": {"type": "Point", "coordinates": [34.854698, 32.276632]}, "properties": {"UNIQ_ID": 64746151, "FCODE_TYPE": 256, "SETL_CODE": 7400, "SETL_NAME": "\u05e0\u05ea\u05e0\u05d9\u05d4", "NAME": "\u05de\u05d2\u05e8\u05e9 \u05d7\u05e0\u05d9\u05d4", "LATIN_NAME": null, "USG_GROUP": 51, "USG_CODE": 6824, "E_ORD": 186571.307227, "N_ORD": 687092.474894, "DATA_YEAR": 0, "PRDCT_VER": null, "X": 186571.307227, "Y": 687092.474894, "lon": 34.85469777481821, "lat": 32.27663207306662}}, {"type": "Feature", "geometry": {"type": "Point", "coordinates": [34.860031, 32.276289]}, "properties": {"UNIQ_ID": 51585141, "FCODE_TYPE": 256, "SETL_CODE": 7400, "SETL_NAME": "\u05e0\u05ea\u05e0\u05d9\u05d4", "NAME": "\u05de\u05d2\u05e8\u05e9 \u05d7\u05e0\u05d9\u05d4", "LATIN_NAME": null, "USG_GROUP": 51, "USG_CODE": 6824, "E_ORD": 187073.681327, "N_ORD": 687052.817794, "DATA_YEAR": 0, "PRDCT_VER": null, "X": 187073.681327, "Y": 687052.817794, "lon": 34.86003124181098, "lat": 32.27628914122997}}, {"type": "Feature", "geometry": {"type": "Point", "coordinates": [34.859195, 32.296406]}, "properties": {"UNIQ_ID": 51588313, "FCODE_TYPE": 256, "SETL_CODE": 7400, "SETL_NAME": "\u05e0\u05ea\u05e0\u05d9\u05d4", "NAME": "\u05de\u05d2\u05e8\u05e9 \u05d7\u05e0\u05d9\u05d4", "LATIN_NAME": null, "USG_GROUP": 51, "USG_CODE": 6824, "E_ORD": 187002.044227, "N_ORD": 689283.997594, "DATA_YEAR": 0, "PRDCT_VER": null, "X": 187002.044227, "Y": 689283.997594, "lon": 34.85919466134662, "lat": 32.29640561584746}}, {"type": "Feature", "geometry": {"type": "Point", "coordinates": [34.860932, 32.333137]}, "properties": {"UNIQ_ID": 51590233, "FCODE_TYPE": 256, "SETL_CODE": 7400, "SETL_NAME": "\u05e0\u05ea\u05e0\u05d9\u05d4", "NAME": "\u05de\u05d2\u05e8\u05e9 \u05d7\u05e0\u05d9\u05d4 - \u05de\u05db\u05d1\u05d9 \u05e0\u05ea\u05e0\u05d9\u05d4", "LATIN_NAME": null, "USG_GROUP": 51, "USG_CODE": 6824, "E_ORD": 187178.759927, "N_ORD": 693357.051994, "DATA_YEAR": 0, "PRDCT_VER": null, "X": 187178.759927, "Y": 693357.051994, "lon": 34.860932085666576, "lat": 32.33313731071746}}, {"type": "Feature", "geometry": {"type": "Point", "coordinates": [34.852867, 32.285742]}, "properties": {"UNIQ_ID": 64745993, "FCODE_TYPE": 256, "SETL_CODE": 7400, "SETL_NAME": "\u05e0\u05ea\u05e0\u05d9\u05d4", "NAME": "\u05de\u05d2\u05e8\u05e9 \u05d7\u05e0\u05d9\u05d4", "LATIN_NAME": null, "USG_GROUP": 51, "USG_CODE": 6824, "E_ORD": 186402.120027, "N_ORD": 688103.329794, "DATA_YEAR": 0, "PRDCT_VER": null, "X": 186402.120027, "Y": 688103.329794, "lon": 34.852866882036565, "lat": 32.28574196743026}}, {"type": "Feature", "geometry": {"type": "Point", "coordinates": [34.870529, 32.307805]}, "properties": {"UNIQ_ID": 64746067, "FCODE_TYPE": 256, "SETL_CODE": 7400, "SETL_NAME": "\u05e0\u05ea\u05e0\u05d9\u05d4", "NAME": "\u05de\u05d2\u05e8\u05e9 \u05d7\u05e0\u05d9\u05d4", "LATIN_NAME": null, "USG_GROUP": 51, "USG_CODE": 6824, "E_ORD": 188073.669527, "N_ORD": 690544.857094, "DATA_YEAR": 0, "PRDCT_VER": null, "X": 188073.669527, "Y": 690544.857094, "lon": 34.87052949700322, "lat": 32.30780537669007}}, {"type": "Feature", "geometry": {"type": "Point", "coordinates": [34.852463, 32.276988]}, "properties": {"UNIQ_ID": 51590576, "FCODE_TYPE": 256, "SETL_CODE": 7400, "SETL_NAME": "\u05e0\u05ea\u05e0\u05d9\u05d4", "NAME": "\u05de\u05d2\u05e8\u05e9 \u05d7\u05e0\u05d9\u05d4", "LATIN_NAME": null, "USG_GROUP": 51, "USG_CODE": 6824, "E_ORD": 186360.863727, "N_ORD": 687132.599794, "DATA_YEAR": 0, "PRDCT_VER": null, "X": 186360.863727, "Y": 687132.599794, "lon": 34.8524627660669, "lat": 32.27698767298845}}, {"type": "Feature", "geometry": {"type": "Point", "coordinates": [34.861606, 32.285194]}, "properties": {"UNIQ_ID": 64746021, "FCODE_TYPE": 256, "SETL_CODE": 7400, "SETL_NAME": "\u05e0\u05ea\u05e0\u05d9\u05d4", "NAME": "\u05de\u05d2\u05e8\u05e9 \u05d7\u05e0\u05d9\u05d4", "LATIN_NAME": null, "USG_GROUP": 51, "USG_CODE": 6824, "E_ORD": 187225.248527, "N_ORD": 688039.871494, "DATA_YEAR": 2014, "PRDCT_VER": "2015-07", "X": 187225.248527, "Y": 688039.871494, "lon": 34.86160645878313, "lat": 32.28519379347842}}, {"type": "Feature", "geometry": {"type": "Point", "coordinates": [34.877458, 32.307845]}, "properties": {"UNIQ_ID": 64746115, "FCODE_TYPE": 256, "SETL_CODE": 7400, "SETL_NAME": "\u05e0\u05ea\u05e0\u05d9\u05d4", "NAME": "\u05de\u05d2\u05e8\u05e9 \u05d7\u05e0\u05d9\u05d4", "LATIN_NAME": null, "USG_GROUP": 51, "USG_CODE": 6824, "E_ORD": 188726.192727, "N_ORD": 690547.252694, "DATA_YEAR": 2014, "PRDCT_VER": "2015-07", "X": 188726.192727, "Y": 690547.252694, "lon": 34.877457575137385, "lat": 32.307845118862396}}, {"type": "Feature", "geometry": {"type": "Point", "coordinates": [34.862299, 32.291432]}, "properties": {"UNIQ_ID": 51591958, "FCODE_TYPE": 256, "SETL_CODE": 7400, "SETL_NAME": "\u05e0\u05ea\u05e0\u05d9\u05d4", "NAME": "\u05de\u05d2\u05e8\u05e9 \u05d7\u05e0\u05d9\u05d4", "LATIN_NAME": null, "USG_GROUP": 51, "USG_CODE": 6824, "E_ORD": 187292.705027, "N_ORD": 688731.466794, "DATA_YEAR": 2014, "PRDCT_VER": "2015-07", "X": 187292.705027, "Y": 688731.466794, "lon": 34.86229907570691, "lat": 32.291431851607996}}, {"type": "Feature", "geometry": {"type": "Point", "coordinates": [34.862171, 32.330385]}, "properties": {"UNIQ_ID": 64746174, "FCODE_TYPE": 256, "SETL_CODE": 7400, "SETL_NAME": "\u05e0\u05ea\u05e0\u05d9\u05d4", "NAME": "\u05de\u05d2\u05e8\u05e9 \u05d7\u05e0\u05d9\u05d4", "LATIN_NAME": null, "USG_GROUP": 51, "USG_CODE": 6824, "E_ORD": 187294.473627, "N_ORD": 693051.423994, "DATA_YEAR": 0, "PRDCT_VER": null, "X": 187294.473627, "Y": 693051.423994, "lon": 34.86217138728518, "lat": 32.33038482216349}}, {"type": "Feature", "geometry": {"type": "Point", "coordinates": [34.872003, 32.308428]}, "properties": {"UNIQ_ID": 64746120, "FCODE_TYPE": 256, "SETL_CODE": 7400, "SETL_NAME": "\u05e0\u05ea\u05e0\u05d9\u05d4", "NAME": "\u05de\u05d2\u05e8\u05e9 \u05d7\u05e0\u05d9\u05d4", "LATIN_NAME": null, "USG_GROUP": 51, "USG_CODE": 6824, "E_ORD": 188212.622727, "N_ORD": 690613.483694, "DATA_YEAR": 0, "PRDCT_VER": null, "X": 188212.622727, "Y": 690613.483694, "lon": 34.87200256997027, "lat": 32.30842807646615}}, {"type": "Feature", "geometry": {"type": "Point", "coordinates": [34.858004, 32.272643]}, "properties": {"UNIQ_ID": 51585875, "FCODE_TYPE": 256, "SETL_CODE": 7400, "SETL_NAME": "\u05e0\u05ea\u05e0\u05d9\u05d4", "NAME": "\u05de\u05d2\u05e8\u05e9 \u05d7\u05e0\u05d9\u05d4", "LATIN_NAME": null, "USG_GROUP": 51, "USG_CODE": 6824, "E_ORD": 186881.397827, "N_ORD": 686649.026494, "DATA_YEAR": 0, "PRDCT_VER": null, "X": 186881.397827, "Y": 686649.026494, "lon": 34.85800422458071, "lat": 32.272642564979385}}, {"type": "Feature", "geometry": {"type": "Point", "coordinates": [34.86248, 32.2885]}, "properties": {"UNIQ_ID": 64745985, "FCODE_TYPE": 256, "SETL_CODE": 7400, "SETL_NAME": "\u05e0\u05ea\u05e0\u05d9\u05d4", "NAME": "\u05de\u05d2\u05e8\u05e9 \u05d7\u05e0\u05d9\u05d4", "LATIN_NAME": null, "USG_GROUP": 51, "USG_CODE": 6824, "E_ORD": 187308.708627, "N_ORD": 688406.311694, "DATA_YEAR": 0, "PRDCT_VER": null, "X": 187308.708627, "Y": 688406.311694, "lon": 34.862479970636535, "lat": 32.288500388720806}}, {"type": "Feature", "geometry": {"type": "Point", "coordinates": [34.862562, 32.289124]}, "properties": {"UNIQ_ID": 64745986, "FCODE_TYPE": 256, "SETL_CODE": 7400, "SETL_NAME": "\u05e0\u05ea\u05e0\u05d9\u05d4", "NAME": "\u05de\u05d2\u05e8\u05e9 \u05d7\u05e0\u05d9\u05d4", "LATIN_NAME": null, "USG_GROUP": 51, "USG_CODE": 6824, "E_ORD": 187316.689027, "N_ORD": 688475.434594, "DATA_YEAR": 0, "PRDCT_VER": null, "X": 187316.689027, "Y": 688475.434594, "lon": 34.862562345000576, "lat": 32.28912389940986}}, {"type": "Feature", "geometry": {"type": "Point", "coordinates": [34.865427, 32.293218]}, "properties": {"UNIQ_ID": 64745989, "FCODE_TYPE": 256, "SETL_CODE": 7400, "SETL_NAME": "\u05e0\u05ea\u05e0\u05d9\u05d4", "NAME": "\u05de\u05d2\u05e8\u05e9 \u05d7\u05e0\u05d9\u05d4", "LATIN_NAME": null, "USG_GROUP": 51, "USG_CODE": 6824, "E_ORD": 187587.938827, "N_ORD": 688928.669994, "DATA_YEAR": 0, "PRDCT_VER": null, "X": 187587.938827, "Y": 688928.669994, "lon": 34.86542653042859, "lat": 32.29321848817012}}, {"type": "Feature", "geometry": {"type": "Point", "coordinates": [34.85579, 32.342415]}, "properties": {"UNIQ_ID": 64746036, "FCODE_TYPE": 256, "SETL_CODE": 7400, "SETL_NAME": "\u05e0\u05ea\u05e0\u05d9\u05d4", "NAME": "\u05de\u05d2\u05e8\u05e9 \u05d7\u05e0\u05d9\u05d4", "LATIN_NAME": null, "USG_GROUP": 51, "USG_CODE": 6824, "E_ORD": 186697.926027, "N_ORD": 694387.543794, "DATA_YEAR": 0, "PRDCT_VER": null, "X": 186697.926027, "Y": 694387.543794, "lon": 34.85578979478699, "lat": 32.34241516817686}}, {"type": "Feature", "geometry": {"type": "Point", "coordinates": [34.861898, 32.275553]}, "properties": {"UNIQ_ID": 64746154, "FCODE_TYPE": 256, "SETL_CODE": 7400, "SETL_NAME": "\u05e0\u05ea\u05e0\u05d9\u05d4", "NAME": "\u05de\u05d2\u05e8\u05e9 \u05d7\u05e0\u05d9\u05d4", "LATIN_NAME": null, "USG_GROUP": 51, "USG_CODE": 6824, "E_ORD": 187249.301727, "N_ORD": 686970.573394, "DATA_YEAR": 0, "PRDCT_VER": null, "X": 187249.301727, "Y": 686970.573394, "lon": 34.86189802874204, "lat": 32.2755526125354}}, {"type": "Feature", "geometry": {"type": "Point", "coordinates": [34.854666, 32.284332]}, "properties": {"UNIQ_ID": 64746161, "FCODE_TYPE": 256, "SETL_CODE": 7400, "SETL_NAME": "\u05e0\u05ea\u05e0\u05d9\u05d4", "NAME": "\u05de\u05d2\u05e8\u05e9 \u05d7\u05e0\u05d9\u05d4", "LATIN_NAME": null, "USG_GROUP": 51, "USG_CODE": 6824, "E_ORD": 186571.106027, "N_ORD": 687946.418694, "DATA_YEAR": 0, "PRDCT_VER": null, "X": 186571.106027, "Y": 687946.418694, "lon": 34.85466608228339, "lat": 32.28433208282754}}, {"type": "Feature", "geometry": {"type": "Point", "coordinates": [34.858747, 32.337288]}, "properties": {"UNIQ_ID": 64746040, "FCODE_TYPE": 256, "SETL_CODE": 7400, "SETL_NAME": "\u05e0\u05ea\u05e0\u05d9\u05d4", "NAME": "\u05de\u05d2\u05e8\u05e9 \u05d7\u05e0\u05d9\u05d4", "LATIN_NAME": null, "USG_GROUP": 51, "USG_CODE": 6824, "E_ORD": 186974.522427, "N_ORD": 693818.080594, "DATA_YEAR": 0, "PRDCT_VER": null, "X": 186974.522427, "Y": 693818.080594, "lon": 34.858747191835434, "lat": 32.3372884484841}}, {"type": "Feature", "geometry": {"type": "Point", "coordinates": [34.861586, 32.326794]}, "properties": {"UNIQ_ID": 64746057, "FCODE_TYPE": 256, "SETL_CODE": 7400, "SETL_NAME": "\u05e0\u05ea\u05e0\u05d9\u05d4", "NAME": "\u05de\u05d2\u05e8\u05e9 \u05d7\u05e0\u05d9\u05d4", "LATIN_NAME": null, "USG_GROUP": 51, "USG_CODE": 6824, "E_ORD": 187238.118127, "N_ORD": 692653.410794, "DATA_YEAR": 0, "PRDCT_VER": null, "X": 187238.118127, "Y": 692653.410794, "lon": 34.8615864155131, "lat": 32.32679433461214}}, {"type": "Feature", "geometry": {"type": "Point", "coordinates": [34.858317, 32.291445]}, "properties": {"UNIQ_ID": 64746136, "FCODE_TYPE": 256, "SETL_CODE": 7400, "SETL_NAME": "\u05e0\u05ea\u05e0\u05d9\u05d4", "NAME": "\u05de\u05d2\u05e8\u05e9 \u05d7\u05e0\u05d9\u05d4", "LATIN_NAME": null, "USG_GROUP": 51, "USG_CODE": 6824, "E_ORD": 186917.563927, "N_ORD": 688734.117494, "DATA_YEAR": 0, "PRDCT_VER": null, "X": 186917.563927, "Y": 688734.117494, "lon": 34.8583166519154, "lat": 32.29144489653999}}, {"type": "Feature", "geometry": {"type": "Point", "coordinates": [34.864966, 32.342829]}, "properties": {"UNIQ_ID": 64746169, "FCODE_TYPE": 256, "SETL_CODE": 7400, "SETL_NAME": "\u05e0\u05ea\u05e0\u05d9\u05d4", "NAME": "\u05de\u05d2\u05e8\u05e9 \u05d7\u05e0\u05d9\u05d4", "LATIN_NAME": null, "USG_GROUP": 51, "USG_CODE": 6824, "E_ORD": 187562.006327, "N_ORD": 694430.629994, "DATA_YEAR": 0, "PRDCT_VER": null, "X": 187562.006327, "Y": 694430.629994, "lon": 34.86496618218313, "lat": 32.34282870920207}}, {"type": "Feature", "geometry": {"type": "Point", "coordinates": [34.868407, 32.305531]}, "properties": {"UNIQ_ID": 64746013, "FCODE_TYPE": 256, "SETL_CODE": 7400, "SETL_NAME": "\u05e0\u05ea\u05e0\u05d9\u05d4", "NAME": "\u05de\u05d2\u05e8\u05e9 \u05d7\u05e0\u05d9\u05d4", "LATIN_NAME": null, "USG_GROUP": 51, "USG_CODE": 6824, "E_ORD": 187872.952727, "N_ORD": 690293.307094, "DATA_YEAR": 0, "PRDCT_VER": null, "X": 187872.952727, "Y": 690293.307094, "lon": 34.868406764212345, "lat": 32.30553149850624}}, {"type": "Feature", "geometry": {"type": "Point", "coordinates": [34.853222, 32.293669]}, "properties": {"UNIQ_ID": 64746023, "FCODE_TYPE": 256, "SETL_CODE": 7400, "SETL_NAME": "\u05e0\u05ea\u05e0\u05d9\u05d4", "NAME": "\u05de\u05d2\u05e8\u05e9 \u05d7\u05e0\u05d9\u05d4", "LATIN_NAME": null, "USG_GROUP": 51, "USG_CODE": 6824, "E_ORD": 186438.426427, "N_ORD": 688982.295894, "DATA_YEAR": 0, "PRDCT_VER": null, "X": 186438.426427, "Y": 688982.295894, "lon": 34.85322171091918, "lat": 32.29366866914454}}, {"type": "Feature", "geometry": {"type": "Point", "coordinates": [34.867776, 32.31972]}, "properties": {"UNIQ_ID": 51587205, "FCODE_TYPE": 256, "SETL_CODE": 7400, "SETL_NAME": "\u05e0\u05ea\u05e0\u05d9\u05d4", "NAME": "\u05de\u05d2\u05e8\u05e9 \u05d7\u05e0\u05d9\u05d4", "LATIN_NAME": null, "USG_GROUP": 51, "USG_CODE": 6824, "E_ORD": 187818.509527, "N_ORD": 691866.977994, "DATA_YEAR": 0, "PRDCT_VER": null, "X": 187818.509527, "Y": 691866.977994, "lon": 34.86777623856266, "lat": 32.319719703963955}}, {"type": "Feature", "geometry": {"type": "Point", "coordinates": [34.880695, 32.307573]}, "properties": {"UNIQ_ID": 51590324, "FCODE_TYPE": 256, "SETL_CODE": 7400, "SETL_NAME": "\u05e0\u05ea\u05e0\u05d9\u05d4", "NAME": "\u05de\u05d2\u05e8\u05e9 \u05d7\u05e0\u05d9\u05d4", "LATIN_NAME": null, "USG_GROUP": 51, "USG_CODE": 6824, "E_ORD": 189031.059527, "N_ORD": 690516.175294, "DATA_YEAR": 0, "PRDCT_VER": null, "X": 189031.059527, "Y": 690516.175294, "lon": 34.8806954936345, "lat": 32.307573239655724}}, {"type": "Feature", "geometry": {"type": "Point", "coordinates": [34.862835, 32.330786]}, "properties": {"UNIQ_ID": 64745982, "FCODE_TYPE": 256, "SETL_CODE": 7400, "SETL_NAME": "\u05e0\u05ea\u05e0\u05d9\u05d4", "NAME": "\u05de\u05d2\u05e8\u05e9 \u05d7\u05e0\u05d9\u05d4", "LATIN_NAME": null, "USG_GROUP": 51, "USG_CODE": 6824, "E_ORD": 187357.143727, "N_ORD": 693095.700494, "DATA_YEAR": 0, "PRDCT_VER": null, "X": 187357.143727, "Y": 693095.700494, "lon": 34.862835450762304, "lat": 32.33078586476401}}, {"type": "Feature", "geometry": {"type": "Point", "coordinates": [34.858079, 32.330616]}, "properties": {"UNIQ_ID": 64746047, "FCODE_TYPE": 256, "SETL_CODE": 7400, "SETL_NAME": "\u05e0\u05ea\u05e0\u05d9\u05d4", "NAME": "\u05de\u05d2\u05e8\u05e9 \u05d7\u05e0\u05d9\u05d4", "LATIN_NAME": null, "USG_GROUP": 51, "USG_CODE": 6824, "E_ORD": 186909.249327, "N_ORD": 693078.352394, "DATA_YEAR": 0, "PRDCT_VER": null, "X": 186909.249327, "Y": 693078.352394, "lon": 34.85807934055501, "lat": 32.33061646780787}}, {"type": "Feature", "geometry": {"type": "Point", "coordinates": [34.862284, 32.325659]}, "properties": {"UNIQ_ID": 64746056, "FCODE_TYPE": 256, "SETL_CODE": 7400, "SETL_NAME": "\u05e0\u05ea\u05e0\u05d9\u05d4", "NAME": "\u05de\u05d2\u05e8\u05e9 \u05d7\u05e0\u05d9\u05d4", "LATIN_NAME": null, "USG_GROUP": 51, "USG_CODE": 6824, "E_ORD": 187303.422427, "N_ORD": 692527.329094, "DATA_YEAR": 0, "PRDCT_VER": null, "X": 187303.422427, "Y": 692527.329094, "lon": 34.862284203459836, "lat": 32.32565934538412}}, {"type": "Feature", "geometry": {"type": "Point", "coordinates": [34.876815, 32.308898]}, "properties": {"UNIQ_ID": 64746123, "FCODE_TYPE": 256, "SETL_CODE": 7400, "SETL_NAME": "\u05e0\u05ea\u05e0\u05d9\u05d4", "NAME": "\u05de\u05d2\u05e8\u05e9 \u05d7\u05e0\u05d9\u05d4", "LATIN_NAME": null, "USG_GROUP": 51, "USG_CODE": 6824, "E_ORD": 188666.069127, "N_ORD": 690664.253294, "DATA_YEAR": 0, "PRDCT_VER": null, "X": 188666.069127, "Y": 690664.253294, "lon": 34.876815415755495, "lat": 32.30889845601202}}, {"type": "Feature", "geometry": {"type": "Point", "coordinates": [34.854686, 32.281938]}, "properties": {"UNIQ_ID": 64746053, "FCODE_TYPE": 256, "SETL_CODE": 7400, "SETL_NAME": "\u05e0\u05ea\u05e0\u05d9\u05d4", "NAME": "\u05de\u05d2\u05e8\u05e9 \u05d7\u05e0\u05d9\u05d4", "LATIN_NAME": null, "USG_GROUP": 51, "USG_CODE": 6824, "E_ORD": 186572.150027, "N_ORD": 687680.883594, "DATA_YEAR": 0, "PRDCT_VER": null, "X": 186572.150027, "Y": 687680.883594, "lon": 34.85468635577964, "lat": 32.28193778316145}}, {"type": "Feature", "geometry": {"type": "Point", "coordinates": [34.872235, 32.313012]}, "properties": {"UNIQ_ID": 51589942, "FCODE_TYPE": 256, "SETL_CODE": 7400, "SETL_NAME": "\u05e0\u05ea\u05e0\u05d9\u05d4", "NAME": "\u05de\u05d2\u05e8\u05e9 \u05d7\u05e0\u05d9\u05d4", "LATIN_NAME": null, "USG_GROUP": 51, "USG_CODE": 6824, "E_ORD": 188236.063327, "N_ORD": 691121.776794, "DATA_YEAR": 2014, "PRDCT_VER": "2015-07", "X": 188236.063327, "Y": 691121.776794, "lon": 34.87223472228195, "lat": 32.31301199977012}}, {"type": "Feature", "geometry": {"type": "Point", "coordinates": [34.87348, 32.309244]}, "properties": {"UNIQ_ID": 64746119, "FCODE_TYPE": 256, "SETL_CODE": 7400, "SETL_NAME": "\u05e0\u05ea\u05e0\u05d9\u05d4", "NAME": "\u05de\u05d2\u05e8\u05e9 \u05d7\u05e0\u05d9\u05d4", "LATIN_NAME": null, "USG_GROUP": 51, "USG_CODE": 6824, "E_ORD": 188352.094827, "N_ORD": 690703.584394, "DATA_YEAR": 2014, "PRDCT_VER": "2015-07", "X": 188352.094827, "Y": 690703.584394, "lon": 34.87348046858951, "lat": 32.3092444051417}}, {"type": "Feature", "geometry": {"type": "Point", "coordinates": [34.85888, 32.280047]}, "properties": {"UNIQ_ID": 51586489, "FCODE_TYPE": 256, "SETL_CODE": 7400, "SETL_NAME": "\u05e0\u05ea\u05e0\u05d9\u05d4", "NAME": "\u05de\u05d2\u05e8\u05e9 \u05d7\u05e0\u05d9\u05d4", "LATIN_NAME": null, "USG_GROUP": 51, "USG_CODE": 6824, "E_ORD": 186966.521027, "N_ORD": 687469.959594, "DATA_YEAR": 0, "PRDCT_VER": null, "X": 186966.521027, "Y": 687469.959594, "lon": 34.85887960083941, "lat": 32.28004740657401}}, {"type": "Feature", "geometry": {"type": "Point", "coordinates": [34.861333, 32.291935]}, "properties": {"UNIQ_ID": 64745990, "FCODE_TYPE": 256, "SETL_CODE": 7400, "SETL_NAME": "\u05e0\u05ea\u05e0\u05d9\u05d4", "NAME": "\u05de\u05d2\u05e8\u05e9 \u05d7\u05e0\u05d9\u05d4", "LATIN_NAME": null, "USG_GROUP": 51, "USG_CODE": 6824, "E_ORD": 187201.917527, "N_ORD": 688787.589394, "DATA_YEAR": 2014, "PRDCT_VER": "2015-07", "X": 187201.917527, "Y": 688787.589394, "lon": 34.8613334089153, "lat": 32.291935293012585}}, {"type": "Feature", "geometry": {"type": "Point", "coordinates": [34.875677, 32.321165]}, "properties": {"UNIQ_ID": 64746059, "FCODE_TYPE": 256, "SETL_CODE": 7400, "SETL_NAME": "\u05e0\u05ea\u05e0\u05d9\u05d4", "NAME": "\u05de\u05d2\u05e8\u05e9 \u05d7\u05e0\u05d9\u05d4", "LATIN_NAME": null, "USG_GROUP": 51, "USG_CODE": 6824, "E_ORD": 188563.030827, "N_ORD": 692024.951494, "DATA_YEAR": 0, "PRDCT_VER": null, "X": 188563.030827, "Y": 692024.951494, "lon": 34.87567706833724, "lat": 32.32116499327626}}, {"type": "Feature", "geometry": {"type": "Point", "coordinates": [34.880075, 32.298168]}, "properties": {"UNIQ_ID": 51584890, "FCODE_TYPE": 256, "SETL_CODE": 7400, "SETL_NAME": "\u05e0\u05ea\u05e0\u05d9\u05d4", "NAME": "\u05de\u05d2\u05e8\u05e9 \u05d7\u05e0\u05d9\u05d4", "LATIN_NAME": null, "USG_GROUP": 51, "USG_CODE": 6824, "E_ORD": 188969.422327, "N_ORD": 689473.353394, "DATA_YEAR": 0, "PRDCT_VER": null, "X": 188969.422327, "Y": 689473.353394, "lon": 34.88007456810535, "lat": 32.29816843742569}}, {"type": "Feature", "geometry": {"type": "Point", "coordinates": [34.860609, 32.328853]}, "properties": {"UNIQ_ID": 51586408, "FCODE_TYPE": 256, "SETL_CODE": 7400, "SETL_NAME": "\u05e0\u05ea\u05e0\u05d9\u05d4", "NAME": "\u05de\u05d2\u05e8\u05e9 \u05d7\u05e0\u05d9\u05d4", "LATIN_NAME": null, "USG_GROUP": 51, "USG_CODE": 6824, "E_ORD": 187146.817727, "N_ORD": 692882.011994, "DATA_YEAR": 0, "PRDCT_VER": null, "X": 187146.817727, "Y": 692882.011994, "lon": 34.860609041450935, "lat": 32.328852979977434}}, {"type": "Feature", "geometry": {"type": "Point", "coordinates": [34.86155, 32.278677]}, "properties": {"UNIQ_ID": 64746020, "FCODE_TYPE": 256, "SETL_CODE": 7400, "SETL_NAME": "\u05e0\u05ea\u05e0\u05d9\u05d4", "NAME": "\u05de\u05d2\u05e8\u05e9 \u05d7\u05e0\u05d9\u05d4", "LATIN_NAME": null, "USG_GROUP": 51, "USG_CODE": 6824, "E_ORD": 187217.585327, "N_ORD": 687317.136794, "DATA_YEAR": 0, "PRDCT_VER": null, "X": 187217.585327, "Y": 687317.136794, "lon": 34.86154964184332, "lat": 32.27867666678687}}, {"type": "Feature", "geometry": {"type": "Point", "coordinates": [34.86236, 32.328422]}, "properties": {"UNIQ_ID": 64746050, "FCODE_TYPE": 256, "SETL_CODE": 7400, "SETL_NAME": "\u05e0\u05ea\u05e0\u05d9\u05d4", "NAME": "\u05de\u05d2\u05e8\u05e9 \u05d7\u05e0\u05d9\u05d4", "LATIN_NAME": null, "USG_GROUP": 51, "USG_CODE": 6824, "E_ORD": 187311.541627, "N_ORD": 692833.676294, "DATA_YEAR": 0, "PRDCT_VER": null, "X": 187311.541627, "Y": 692833.676294, "lon": 34.86236003660335, "lat": 32.32842189532709}}, {"type": "Feature", "geometry": {"type": "Point", "coordinates": [34.874285, 32.316004]}, "properties": {"UNIQ_ID": 64746064, "FCODE_TYPE": 256, "SETL_CODE": 7400, "SETL_NAME": "\u05e0\u05ea\u05e0\u05d9\u05d4", "NAME": "\u05de\u05d2\u05e8\u05e9 \u05d7\u05e0\u05d9\u05d4", "LATIN_NAME": null, "USG_GROUP": 51, "USG_CODE": 6824, "E_ORD": 188430.173427, "N_ORD": 691452.995994, "DATA_YEAR": 0, "PRDCT_VER": null, "X": 188430.173427, "Y": 691452.995994, "lon": 34.87428496517365, "lat": 32.31600400418409}}, {"type": "Feature", "geometry": {"type": "Point", "coordinates": [34.85262, 32.328863]}, "properties": {"UNIQ_ID": 64746035, "FCODE_TYPE": 256, "SETL_CODE": 7400, "SETL_NAME": "\u05e0\u05ea\u05e0\u05d9\u05d4", "NAME": "\u05de\u05d2\u05e8\u05e9 \u05d7\u05e0\u05d9\u05d4", "LATIN_NAME": null, "USG_GROUP": 51, "USG_CODE": 6824, "E_ORD": 186394.537827, "N_ORD": 692885.616994, "DATA_YEAR": 0, "PRDCT_VER": null, "X": 186394.537827, "Y": 692885.616994, "lon": 34.85261976327031, "lat": 32.328863459185925}}, {"type": "Feature", "geometry": {"type": "Point", "coordinates": [34.871223, 32.340376]}, "properties": {"UNIQ_ID": 51588575, "FCODE_TYPE": 256, "SETL_CODE": 7400, "SETL_NAME": "\u05e0\u05ea\u05e0\u05d9\u05d4", "NAME": "\u05de\u05d2\u05e8\u05e9 \u05d7\u05e0\u05d9\u05d4 - \u05ea\u05d9\u05db\u05d5\u05df \u05e9\"\u05d9 \u05e2\u05d2\u05e0\u05d5\u05df", "LATIN_NAME": null, "USG_GROUP": 51, "USG_CODE": 6824, "E_ORD": 188150.179827, "N_ORD": 694156.824194, "DATA_YEAR": 0, "PRDCT_VER": null, "X": 188150.179827, "Y": 694156.824194, "lon": 34.871222556978935, "lat": 32.340376480693145}}, {"type": "Feature", "geometry": {"type": "Point", "coordinates": [34.875912, 32.306734]}, "properties": {"UNIQ_ID": 64746126, "FCODE_TYPE": 256, "SETL_CODE": 7400, "SETL_NAME": "\u05e0\u05ea\u05e0\u05d9\u05d4", "NAME": "\u05de\u05d2\u05e8\u05e9 \u05d7\u05e0\u05d9\u05d4", "LATIN_NAME": null, "USG_GROUP": 51, "USG_CODE": 6824, "E_ORD": 188580.222127, "N_ORD": 690424.499494, "DATA_YEAR": 0, "PRDCT_VER": null, "X": 188580.222127, "Y": 690424.499494, "lon": 34.8759117285627, "lat": 32.30673422971216}}, {"type": "Feature", "geometry": {"type": "Point", "coordinates": [34.861552, 32.281458]}, "properties": {"UNIQ_ID": 64746288, "FCODE_TYPE": 256, "SETL_CODE": 7400, "SETL_NAME": "\u05e0\u05ea\u05e0\u05d9\u05d4", "NAME": "\u05de\u05d2\u05e8\u05e9 \u05d7\u05e0\u05d9\u05d4", "LATIN_NAME": null, "USG_GROUP": 51, "USG_CODE": 6824, "E_ORD": 187218.787327, "N_ORD": 687625.630294, "DATA_YEAR": 0, "PRDCT_VER": null, "X": 187218.787327, "Y": 687625.630294, "lon": 34.86155193231081, "lat": 32.28145839113251}}, {"type": "Feature", "geometry": {"type": "Point", "coordinates": [34.861165, 32.273473]}, "properties": {"UNIQ_ID": 64746019, "FCODE_TYPE": 256, "SETL_CODE": 7400, "SETL_NAME": "\u05e0\u05ea\u05e0\u05d9\u05d4", "NAME": "\u05de\u05d2\u05e8\u05e9 \u05d7\u05e0\u05d9\u05d4", "LATIN_NAME": null, "USG_GROUP": 51, "USG_CODE": 6824, "E_ORD": 187179.481427, "N_ORD": 686740.157594, "DATA_YEAR": 0, "PRDCT_VER": null, "X": 187179.481427, "Y": 686740.157594, "lon": 34.86116480186225, "lat": 32.27347293614732}}, {"type": "Feature", "geometry": {"type": "Point", "coordinates": [34.852933, 32.33471]}, "properties": {"UNIQ_ID": 64746041, "FCODE_TYPE": 256, "SETL_CODE": 7400, "SETL_NAME": "\u05e0\u05ea\u05e0\u05d9\u05d4", "NAME": "\u05de\u05d2\u05e8\u05e9 \u05d7\u05e0\u05d9\u05d4", "LATIN_NAME": null, "USG_GROUP": 51, "USG_CODE": 6824, "E_ORD": 186426.162227, "N_ORD": 693533.919394, "DATA_YEAR": 0, "PRDCT_VER": null, "X": 186426.162227, "Y": 693533.919394, "lon": 34.85293301645216, "lat": 32.334710092777655}}, {"type": "Feature", "geometry": {"type": "Point", "coordinates": [34.855955, 32.345496]}, "properties": {"UNIQ_ID": 64746289, "FCODE_TYPE": 256, "SETL_CODE": 7400, "SETL_NAME": "\u05e0\u05ea\u05e0\u05d9\u05d4", "NAME": "\u05de\u05d2\u05e8\u05e9 \u05d7\u05e0\u05d9\u05d4", "LATIN_NAME": null, "USG_GROUP": 51, "USG_CODE": 6824, "E_ORD": 186714.569327, "N_ORD": 694729.113294, "DATA_YEAR": 0, "PRDCT_VER": null, "X": 186714.569327, "Y": 694729.113294, "lon": 34.855954763504826, "lat": 32.34549556006739}}, {"type": "Feature", "geometry": {"type": "Point", "coordinates": [34.858666, 32.273781]}, "properties": {"UNIQ_ID": 51588338, "FCODE_TYPE": 256, "SETL_CODE": 7400, "SETL_NAME": "\u05e0\u05ea\u05e0\u05d9\u05d4", "NAME": "\u05de\u05d2\u05e8\u05e9 \u05d7\u05e0\u05d9\u05d4", "LATIN_NAME": null, "USG_GROUP": 51, "USG_CODE": 6824, "E_ORD": 186944.166627, "N_ORD": 686775.120094, "DATA_YEAR": 0, "PRDCT_VER": null, "X": 186944.166627, "Y": 686775.120094, "lon": 34.85866609965773, "lat": 32.2737813793747}}, {"type": "Feature", "geometry": {"type": "Point", "coordinates": [34.853253, 32.276796]}, "properties": {"UNIQ_ID": 64745976, "FCODE_TYPE": 256, "SETL_CODE": 7400, "SETL_NAME": "\u05e0\u05ea\u05e0\u05d9\u05d4", "NAME": "\u05de\u05d2\u05e8\u05e9 \u05d7\u05e0\u05d9\u05d4", "LATIN_NAME": null, "USG_GROUP": 51, "USG_CODE": 6824, "E_ORD": 186435.206527, "N_ORD": 687111.139494, "DATA_YEAR": 0, "PRDCT_VER": null, "X": 186435.206527, "Y": 687111.139494, "lon": 34.853252576610906, "lat": 32.27679636241535}}, {"type": "Feature", "geometry": {"type": "Point", "coordinates": [34.85622, 32.284209]}, "properties": {"UNIQ_ID": 51586858, "FCODE_TYPE": 256, "SETL_CODE": 7400, "SETL_NAME": "\u05e0\u05ea\u05e0\u05d9\u05d4", "NAME": "\u05de\u05d2\u05e8\u05e9 \u05d7\u05e0\u05d9\u05d4", "LATIN_NAME": null, "USG_GROUP": 51, "USG_CODE": 6824, "E_ORD": 186717.495027, "N_ORD": 687932.246694, "DATA_YEAR": 0, "PRDCT_VER": null, "X": 186717.495027, "Y": 687932.246694, "lon": 34.856220450216604, "lat": 32.2842085893546}}, {"type": "Feature", "geometry": {"type": "Point", "coordinates": [34.871999, 32.295838]}, "properties": {"UNIQ_ID": 64745991, "FCODE_TYPE": 256, "SETL_CODE": 7400, "SETL_NAME": "\u05e0\u05ea\u05e0\u05d9\u05d4", "NAME": "\u05de\u05d2\u05e8\u05e9 \u05d7\u05e0\u05d9\u05d4", "LATIN_NAME": null, "USG_GROUP": 51, "USG_CODE": 6824, "E_ORD": 188208.002627, "N_ORD": 689217.228694, "DATA_YEAR": 0, "PRDCT_VER": null, "X": 188208.002627, "Y": 689217.228694, "lon": 34.87199949266299, "lat": 32.29583792917566}}, {"type": "Feature", "geometry": {"type": "Point", "coordinates": [34.881704, 32.320415]}, "properties": {"UNIQ_ID": 64746016, "FCODE_TYPE": 256, "SETL_CODE": 7400, "SETL_NAME": "\u05e0\u05ea\u05e0\u05d9\u05d4", "NAME": "\u05de\u05d2\u05e8\u05e9 \u05d7\u05e0\u05d9\u05d4", "LATIN_NAME": null, "USG_GROUP": 51, "USG_CODE": 6824, "E_ORD": 189130.337027, "N_ORD": 691940.052494, "DATA_YEAR": 0, "PRDCT_VER": null, "X": 189130.337027, "Y": 691940.052494, "lon": 34.881704036521924, "lat": 32.320415014880304}}, {"type": "Feature", "geometry": {"type": "Point", "coordinates": [34.880871, 32.298515]}, "properties": {"UNIQ_ID": 51588586, "FCODE_TYPE": 256, "SETL_CODE": 7400, "SETL_NAME": "\u05e0\u05ea\u05e0\u05d9\u05d4", "NAME": "\u05de\u05d2\u05e8\u05e9 \u05d7\u05e0\u05d9\u05d4", "LATIN_NAME": null, "USG_GROUP": 51, "USG_CODE": 6824, "E_ORD": 189044.560327, "N_ORD": 689511.520794, "DATA_YEAR": 0, "PRDCT_VER": null, "X": 189044.560327, "Y": 689511.520794, "lon": 34.88087103775974, "lat": 32.29851464047139}}, {"type": "Feature", "geometry": {"type": "Point", "coordinates": [34.865678, 32.28516]}, "properties": {"UNIQ_ID": 51590933, "FCODE_TYPE": 256, "SETL_CODE": 7400, "SETL_NAME": "\u05e0\u05ea\u05e0\u05d9\u05d4", "NAME": "\u05de\u05d2\u05e8\u05e9 \u05d7\u05e0\u05d9\u05d4 - \u05e4\u05d0\u05e8\u05e7 \u05e9\u05d9\u05d0\u05d9\u05dd", "LATIN_NAME": null, "USG_GROUP": 51, "USG_CODE": 6824, "E_ORD": 187608.824327, "N_ORD": 688034.873494, "DATA_YEAR": 0, "PRDCT_VER": null, "X": 187608.824327, "Y": 688034.873494, "lon": 34.865678221524874, "lat": 32.28515971756673}}, {"type": "Feature", "geometry": {"type": "Point", "coordinates": [34.858508, 32.344221]}, "properties": {"UNIQ_ID": 64745971, "FCODE_TYPE": 256, "SETL_CODE": 7400, "SETL_NAME": "\u05e0\u05ea\u05e0\u05d9\u05d4", "NAME": "\u05de\u05d2\u05e8\u05e9 \u05d7\u05e0\u05d9\u05d4", "LATIN_NAME": null, "USG_GROUP": 51, "USG_CODE": 6824, "E_ORD": 186954.497427, "N_ORD": 694586.938394, "DATA_YEAR": 0, "PRDCT_VER": null, "X": 186954.497427, "Y": 694586.938394, "lon": 34.8585081270007, "lat": 32.344220596743554}}, {"type": "Feature", "geometry": {"type": "Point", "coordinates": [34.860335, 32.341466]}, "properties": {"UNIQ_ID": 64746024, "FCODE_TYPE": 256, "SETL_CODE": 7400, "SETL_NAME": "\u05e0\u05ea\u05e0\u05d9\u05d4", "NAME": "\u05de\u05d2\u05e8\u05e9 \u05d7\u05e0\u05d9\u05d4", "LATIN_NAME": null, "USG_GROUP": 51, "USG_CODE": 6824, "E_ORD": 187125.550927, "N_ORD": 694280.855594, "DATA_YEAR": 0, "PRDCT_VER": null, "X": 187125.550927, "Y": 694280.855594, "lon": 34.86033545759836, "lat": 32.341465642421525}}, {"type": "Feature", "geometry": {"type": "Point", "coordinates": [34.857, 32.345648]}, "properties": {"UNIQ_ID": 64746030, "FCODE_TYPE": 256, "SETL_CODE": 7400, "SETL_NAME": "\u05e0\u05ea\u05e0\u05d9\u05d4", "NAME": "\u05de\u05d2\u05e8\u05e9 \u05d7\u05e0\u05d9\u05d4", "LATIN_NAME": null, "USG_GROUP": 51, "USG_CODE": 6824, "E_ORD": 186813.039627, "N_ORD": 694745.740994, "DATA_YEAR": 0, "PRDCT_VER": null, "X": 186813.039627, "Y": 694745.740994, "lon": 34.857000128604966, "lat": 32.34564837628481}}, {"type": "Feature", "geometry": {"type": "Point", "coordinates": [34.852384, 32.283417]}, "properties": {"UNIQ_ID": 64746163, "FCODE_TYPE": 256, "SETL_CODE": 7400, "SETL_NAME": "\u05e0\u05ea\u05e0\u05d9\u05d4", "NAME": "\u05de\u05d2\u05e8\u05e9 \u05d7\u05e0\u05d9\u05d4", "LATIN_NAME": null, "USG_GROUP": 51, "USG_CODE": 6824, "E_ORD": 186355.786227, "N_ORD": 687845.619294, "DATA_YEAR": 0, "PRDCT_VER": null, "X": 186355.786227, "Y": 687845.619294, "lon": 34.852384033954884, "lat": 32.28341682198836}}, {"type": "Feature", "geometry": {"type": "Point", "coordinates": [34.865084, 32.286604]}, "properties": {"UNIQ_ID": 51589466, "FCODE_TYPE": 256, "SETL_CODE": 7400, "SETL_NAME": "\u05e0\u05ea\u05e0\u05d9\u05d4", "NAME": "\u05de\u05d2\u05e8\u05e9 \u05d7\u05e0\u05d9\u05d4", "LATIN_NAME": null, "USG_GROUP": 51, "USG_CODE": 6824, "E_ORD": 187553.330627, "N_ORD": 688195.179794, "DATA_YEAR": 0, "PRDCT_VER": null, "X": 187553.330627, "Y": 688195.179794, "lon": 34.865083780348755, "lat": 32.28660361864445}}, {"type": "Feature", "geometry": {"type": "Point", "coordinates": [34.876347, 32.308936]}, "properties": {"UNIQ_ID": 64746124, "FCODE_TYPE": 256, "SETL_CODE": 7400, "SETL_NAME": "\u05e0\u05ea\u05e0\u05d9\u05d4", "NAME": "\u05de\u05d2\u05e8\u05e9 \u05d7\u05e0\u05d9\u05d4", "LATIN_NAME": null, "USG_GROUP": 51, "USG_CODE": 6824, "E_ORD": 188621.970727, "N_ORD": 690668.518394, "DATA_YEAR": 0, "PRDCT_VER": null, "X": 188621.970727, "Y": 690668.518394, "lon": 34.87634705729618, "lat": 32.30893569791752}}, {"type": "Feature", "geometry": {"type": "Point", "coordinates": [34.860245, 32.326213]}, "properties": {"UNIQ_ID": 64746290, "FCODE_TYPE": 256, "SETL_CODE": 7400, "SETL_NAME": "\u05e0\u05ea\u05e0\u05d9\u05d4", "NAME": "\u05de\u05d2\u05e8\u05e9 \u05d7\u05e0\u05d9\u05d4", "LATIN_NAME": null, "USG_GROUP": 51, "USG_CODE": 6824, "E_ORD": 187111.636127, "N_ORD": 692589.396694, "DATA_YEAR": 0, "PRDCT_VER": null, "X": 187111.636127, "Y": 692589.396694, "lon": 34.860245400748994, "lat": 32.32621346558834}}, {"type": "Feature", "geometry": {"type": "Point", "coordinates": [34.86002, 32.328597]}, "properties": {"UNIQ_ID": 51592222, "FCODE_TYPE": 256, "SETL_CODE": 7400, "SETL_NAME": "\u05e0\u05ea\u05e0\u05d9\u05d4", "NAME": "\u05de\u05d2\u05e8\u05e9 \u05d7\u05e0\u05d9\u05d4", "LATIN_NAME": null, "USG_GROUP": 51, "USG_CODE": 6824, "E_ORD": 187091.250027, "N_ORD": 692853.808794, "DATA_YEAR": 0, "PRDCT_VER": null, "X": 187091.250027, "Y": 692853.808794, "lon": 34.860019879693915, "lat": 32.328597063651124}}, {"type": "Feature", "geometry": {"type": "Point", "coordinates": [34.852282, 32.328573]}, "properties": {"UNIQ_ID": 64745983, "FCODE_TYPE": 256, "SETL_CODE": 7400, "SETL_NAME": "\u05e0\u05ea\u05e0\u05d9\u05d4", "NAME": "\u05de\u05d2\u05e8\u05e9 \u05d7\u05e0\u05d9\u05d4", "LATIN_NAME": null, "USG_GROUP": 51, "USG_CODE": 6824, "E_ORD": 186362.599127, "N_ORD": 692853.499794, "DATA_YEAR": 0, "PRDCT_VER": null, "X": 186362.599127, "Y": 692853.499794, "lon": 34.85228169826415, "lat": 32.328572914154535}}, {"type": "Feature", "geometry": {"type": "Point", "coordinates": [34.852456, 32.336584]}, "properties": {"UNIQ_ID": 64746005, "FCODE_TYPE": 256, "SETL_CODE": 7400, "SETL_NAME": "\u05e0\u05ea\u05e0\u05d9\u05d4", "NAME": "\u05de\u05d2\u05e8\u05e9 \u05d7\u05e0\u05d9\u05d4", "LATIN_NAME": null, "USG_GROUP": 51, "USG_CODE": 6824, "E_ORD": 186381.894227, "N_ORD": 693741.929094, "DATA_YEAR": 0, "PRDCT_VER": null, "X": 186381.894227, "Y": 693741.929094, "lon": 34.8524556028271, "lat": 32.33658438948674}}, {"type": "Feature", "geometry": {"type": "Point", "coordinates": [34.869453, 32.298852]}, "properties": {"UNIQ_ID": 64746130, "FCODE_TYPE": 256, "SETL_CODE": 7400, "SETL_NAME": "\u05e0\u05ea\u05e0\u05d9\u05d4", "NAME": "\u05de\u05d2\u05e8\u05e9 \u05d7\u05e0\u05d9\u05d4", "LATIN_NAME": null, "USG_GROUP": 51, "USG_CODE": 6824, "E_ORD": 187969.215027, "N_ORD": 689552.265594, "DATA_YEAR": 0, "PRDCT_VER": null, "X": 187969.215027, "Y": 689552.265594, "lon": 34.86945338929708, "lat": 32.29885225329618}}, {"type": "Feature", "geometry": {"type": "Point", "coordinates": [34.86145, 32.275735]}, "properties": {"UNIQ_ID": 51592673, "FCODE_TYPE": 256, "SETL_CODE": 7400, "SETL_NAME": "\u05e0\u05ea\u05e0\u05d9\u05d4", "NAME": "\u05de\u05d2\u05e8\u05e9 \u05d7\u05e0\u05d9\u05d4", "LATIN_NAME": null, "USG_GROUP": 51, "USG_CODE": 6824, "E_ORD": 187207.115227, "N_ORD": 686990.880394, "DATA_YEAR": 0, "PRDCT_VER": null, "X": 187207.115227, "Y": 686990.880394, "lon": 34.86144958420477, "lat": 32.27573450564948}}, {"type": "Feature", "geometry": {"type": "Point", "coordinates": [34.868437, 32.333235]}, "properties": {"UNIQ_ID": 64746044, "FCODE_TYPE": 256, "SETL_CODE": 7400, "SETL_NAME": "\u05e0\u05ea\u05e0\u05d9\u05d4", "NAME": "\u05de\u05d2\u05e8\u05e9 \u05d7\u05e0\u05d9\u05d4", "LATIN_NAME": null, "USG_GROUP": 51, "USG_CODE": 6824, "E_ORD": 187885.472727, "N_ORD": 693365.592194, "DATA_YEAR": 0, "PRDCT_VER": null, "X": 187885.472727, "Y": 693365.592194, "lon": 34.86843739621137, "lat": 32.33323453221861}}, {"type": "Feature", "geometry": {"type": "Point", "coordinates": [34.869607, 32.320559]}, "properties": {"UNIQ_ID": 64745969, "FCODE_TYPE": 256, "SETL_CODE": 7400, "SETL_NAME": "\u05e0\u05ea\u05e0\u05d9\u05d4", "NAME": "\u05de\u05d2\u05e8\u05e9 \u05d7\u05e0\u05d9\u05d4", "LATIN_NAME": null, "USG_GROUP": 51, "USG_CODE": 6824, "E_ORD": 187991.206427, "N_ORD": 691959.555294, "DATA_YEAR": 0, "PRDCT_VER": null, "X": 187991.206427, "Y": 691959.555294, "lon": 34.869607012041065, "lat": 32.32055934981933}}, {"type": "Feature", "geometry": {"type": "Point", "coordinates": [34.862503, 32.327121]}, "properties": {"UNIQ_ID": 51591388, "FCODE_TYPE": 256, "SETL_CODE": 7400, "SETL_NAME": "\u05e0\u05ea\u05e0\u05d9\u05d4", "NAME": "\u05de\u05d2\u05e8\u05e9 \u05d7\u05e0\u05d9\u05d4 - \u05e4\u05e8\u05d8\u05d9", "LATIN_NAME": null, "USG_GROUP": 51, "USG_CODE": 6824, "E_ORD": 187324.538327, "N_ORD": 692689.361494, "DATA_YEAR": 0, "PRDCT_VER": null, "X": 187324.538327, "Y": 692689.361494, "lon": 34.862502952314905, "lat": 32.32712099089259}}, {"type": "Feature", "geometry": {"type": "Point", "coordinates": [34.854584, 32.296233]}, "properties": {"UNIQ_ID": 64746022, "FCODE_TYPE": 256, "SETL_CODE": 7400, "SETL_NAME": "\u05e0\u05ea\u05e0\u05d9\u05d4", "NAME": "\u05de\u05d2\u05e8\u05e9 \u05d7\u05e0\u05d9\u05d4", "LATIN_NAME": null, "USG_GROUP": 51, "USG_CODE": 6824, "E_ORD": 186567.670427, "N_ORD": 689266.277594, "DATA_YEAR": 0, "PRDCT_VER": null, "X": 186567.670427, "Y": 689266.277594, "lon": 34.85458390389607, "lat": 32.29623313774764}}, {"type": "Feature", "geometry": {"type": "Point", "coordinates": [34.858894, 32.284411]}, "properties": {"UNIQ_ID": 51592104, "FCODE_TYPE": 256, "SETL_CODE": 7400, "SETL_NAME": "\u05e0\u05ea\u05e0\u05d9\u05d4", "NAME": "\u05de\u05d2\u05e8\u05e9 \u05d7\u05e0\u05d9\u05d4", "LATIN_NAME": null, "USG_GROUP": 51, "USG_CODE": 6824, "E_ORD": 186969.399127, "N_ORD": 687953.835294, "DATA_YEAR": 0, "PRDCT_VER": null, "X": 186969.399127, "Y": 687953.835294, "lon": 34.85889360253054, "lat": 32.28441060062751}}, {"type": "Feature", "geometry": {"type": "Point", "coordinates": [34.875745, 32.309105]}, "properties": {"UNIQ_ID": 51591884, "FCODE_TYPE": 256, "SETL_CODE": 7400, "SETL_NAME": "\u05e0\u05ea\u05e0\u05d9\u05d4", "NAME": "\u05de\u05d2\u05e8\u05e9 \u05d7\u05e0\u05d9\u05d4", "LATIN_NAME": null, "USG_GROUP": 51, "USG_CODE": 6824, "E_ORD": 188565.348827, "N_ORD": 690687.511494, "DATA_YEAR": 0, "PRDCT_VER": null, "X": 188565.348827, "Y": 690687.511494, "lon": 34.875745249066064, "lat": 32.30910539395703}}, {"type": "Feature", "geometry": {"type": "Point", "coordinates": [34.85798, 32.329608]}, "properties": {"UNIQ_ID": 64746046, "FCODE_TYPE": 256, "SETL_CODE": 7400, "SETL_NAME": "\u05e0\u05ea\u05e0\u05d9\u05d4", "NAME": "\u05de\u05d2\u05e8\u05e9 \u05d7\u05e0\u05d9\u05d4", "LATIN_NAME": null, "USG_GROUP": 51, "USG_CODE": 6824, "E_ORD": 186899.500227, "N_ORD": 692966.563894, "DATA_YEAR": 0, "PRDCT_VER": null, "X": 186899.500227, "Y": 692966.563894, "lon": 34.857979644006726, "lat": 32.32960819359627}}, {"type": "Feature", "geometry": {"type": "Point", "coordinates": [34.875504, 32.308036]}, "properties": {"UNIQ_ID": 64746118, "FCODE_TYPE": 256, "SETL_CODE": 7400, "SETL_NAME": "\u05e0\u05ea\u05e0\u05d9\u05d4", "NAME": "\u05de\u05d2\u05e8\u05e9 \u05d7\u05e0\u05d9\u05d4", "LATIN_NAME": null, "USG_GROUP": 51, "USG_CODE": 6824, "E_ORD": 188542.250827, "N_ORD": 690569.035494, "DATA_YEAR": 0, "PRDCT_VER": null, "X": 188542.250827, "Y": 690569.035494, "lon": 34.87550386372519, "lat": 32.308036458686566}}, {"type": "Feature", "geometry": {"type": "Point", "coordinates": [34.862062, 32.28791]}, "properties": {"UNIQ_ID": 64745984, "FCODE_TYPE": 256, "SETL_CODE": 7400, "SETL_NAME": "\u05e0\u05ea\u05e0\u05d9\u05d4", "NAME": "\u05de\u05d2\u05e8\u05e9 \u05d7\u05e0\u05d9\u05d4", "LATIN_NAME": null, "USG_GROUP": 51, "USG_CODE": 6824, "E_ORD": 187269.114627, "N_ORD": 688341.010694, "DATA_YEAR": 0, "PRDCT_VER": null, "X": 187269.114627, "Y": 688341.010694, "lon": 34.86206188476143, "lat": 32.2879104303165}}, {"type": "Feature", "geometry": {"type": "Point", "coordinates": [34.861511, 32.328106]}, "properties": {"UNIQ_ID": 64746025, "FCODE_TYPE": 256, "SETL_CODE": 7400, "SETL_NAME": "\u05e0\u05ea\u05e0\u05d9\u05d4", "NAME": "\u05de\u05d2\u05e8\u05e9 \u05d7\u05e0\u05d9\u05d4", "LATIN_NAME": null, "USG_GROUP": 51, "USG_CODE": 6824, "E_ORD": 187231.453127, "N_ORD": 692798.890094, "DATA_YEAR": 0, "PRDCT_VER": null, "X": 187231.453127, "Y": 692798.890094, "lon": 34.861510689300616, "lat": 32.32810592101881}}, {"type": "Feature", "geometry": {"type": "Point", "coordinates": [34.859805, 32.274594]}, "properties": {"UNIQ_ID": 64746142, "FCODE_TYPE": 256, "SETL_CODE": 7400, "SETL_NAME": "\u05e0\u05ea\u05e0\u05d9\u05d4", "NAME": "\u05de\u05d2\u05e8\u05e9 \u05d7\u05e0\u05d9\u05d4", "LATIN_NAME": null, "USG_GROUP": 51, "USG_CODE": 6824, "E_ORD": 187051.805427, "N_ORD": 686864.847494, "DATA_YEAR": 0, "PRDCT_VER": null, "X": 187051.805427, "Y": 686864.847494, "lon": 34.859805465067346, "lat": 32.27459357624578}}, {"type": "Feature", "geometry": {"type": "Point", "coordinates": [34.876887, 32.3096]}, "properties": {"UNIQ_ID": 64746125, "FCODE_TYPE": 256, "SETL_CODE": 7400, "SETL_NAME": "\u05e0\u05ea\u05e0\u05d9\u05d4", "NAME": "\u05de\u05d2\u05e8\u05e9 \u05d7\u05e0\u05d9\u05d4", "LATIN_NAME": null, "USG_GROUP": 51, "USG_CODE": 6824, "E_ORD": 188673.012127, "N_ORD": 690742.008494, "DATA_YEAR": 0, "PRDCT_VER": null, "X": 188673.012127, "Y": 690742.008494, "lon": 34.87688661060184, "lat": 32.30959976482866}}, {"type": "Feature", "geometry": {"type": "Point", "coordinates": [34.855502, 32.297996]}, "properties": {"UNIQ_ID": 51590996, "FCODE_TYPE": 256, "SETL_CODE": 7400, "SETL_NAME": "\u05e0\u05ea\u05e0\u05d9\u05d4", "NAME": "\u05de\u05d2\u05e8\u05e9 \u05d7\u05e0\u05d9\u05d4", "LATIN_NAME": null, "USG_GROUP": 51, "USG_CODE": 6824, "E_ORD": 186654.749227, "N_ORD": 689461.525294, "DATA_YEAR": 0, "PRDCT_VER": null, "X": 186654.749227, "Y": 689461.525294, "lon": 34.8555015960245, "lat": 32.29799624166292}}, {"type": "Feature", "geometry": {"type": "Point", "coordinates": [34.859774, 32.312614]}, "properties": {"UNIQ_ID": 51587258, "FCODE_TYPE": 256, "SETL_CODE": 7400, "SETL_NAME": "\u05e0\u05ea\u05e0\u05d9\u05d4", "NAME": "\u05de\u05d2\u05e8\u05e9 \u05d7\u05e0\u05d9\u05d4", "LATIN_NAME": null, "USG_GROUP": 51, "USG_CODE": 6824, "E_ORD": 187062.412027, "N_ORD": 691081.351894, "DATA_YEAR": 0, "PRDCT_VER": null, "X": 187062.412027, "Y": 691081.351894, "lon": 34.85977417793588, "lat": 32.312614067230264}}, {"type": "Feature", "geometry": {"type": "Point", "coordinates": [34.871239, 32.318061]}, "properties": {"UNIQ_ID": 51590302, "FCODE_TYPE": 256, "SETL_CODE": 7400, "SETL_NAME": "\u05e0\u05ea\u05e0\u05d9\u05d4", "NAME": "\u05de\u05d2\u05e8\u05e9 \u05d7\u05e0\u05d9\u05d4", "LATIN_NAME": null, "USG_GROUP": 51, "USG_CODE": 6824, "E_ORD": 188144.030827, "N_ORD": 691682.000694, "DATA_YEAR": 0, "PRDCT_VER": null, "X": 188144.030827, "Y": 691682.000694, "lon": 34.87123901557003, "lat": 32.318060945835285}}, {"type": "Feature", "geometry": {"type": "Point", "coordinates": [34.869713, 32.309028]}, "properties": {"UNIQ_ID": 64746068, "FCODE_TYPE": 256, "SETL_CODE": 7400, "SETL_NAME": "\u05e0\u05ea\u05e0\u05d9\u05d4", "NAME": "\u05de\u05d2\u05e8\u05e9 \u05d7\u05e0\u05d9\u05d4", "LATIN_NAME": null, "USG_GROUP": 51, "USG_CODE": 6824, "E_ORD": 187997.216727, "N_ORD": 690680.726894, "DATA_YEAR": 0, "PRDCT_VER": null, "X": 187997.216727, "Y": 690680.726894, "lon": 34.86971325537623, "lat": 32.3090283614986}}, {"type": "Feature", "geometry": {"type": "Point", "coordinates": [34.876294, 32.307947]}, "properties": {"UNIQ_ID": 64746117, "FCODE_TYPE": 256, "SETL_CODE": 7400, "SETL_NAME": "\u05e0\u05ea\u05e0\u05d9\u05d4", "NAME": "\u05de\u05d2\u05e8\u05e9 \u05d7\u05e0\u05d9\u05d4", "LATIN_NAME": null, "USG_GROUP": 51, "USG_CODE": 6824, "E_ORD": 188616.625427, "N_ORD": 690558.859294, "DATA_YEAR": 0, "PRDCT_VER": null, "X": 188616.625427, "Y": 690558.859294, "lon": 34.87629386787592, "lat": 32.30794675584781}}, {"type": "Feature", "geometry": {"type": "Point", "coordinates": [34.85929, 32.279612]}, "properties": {"UNIQ_ID": 51589205, "FCODE_TYPE": 256, "SETL_CODE": 7400, "SETL_NAME": "\u05e0\u05ea\u05e0\u05d9\u05d4", "NAME": "\u05de\u05d2\u05e8\u05e9 \u05d7\u05e0\u05d9\u05d4", "LATIN_NAME": null, "USG_GROUP": 51, "USG_CODE": 6824, "E_ORD": 187005.005927, "N_ORD": 687421.560094, "DATA_YEAR": 0, "PRDCT_VER": null, "X": 187005.005927, "Y": 687421.560094, "lon": 34.85928974166462, "lat": 32.27961210511932}}, {"type": "Feature", "geometry": {"type": "Point", "coordinates": [34.862456, 32.283458]}, "properties": {"UNIQ_ID": 51591469, "FCODE_TYPE": 256, "SETL_CODE": 7400, "SETL_NAME": "\u05e0\u05ea\u05e0\u05d9\u05d4", "NAME": "\u05de\u05d2\u05e8\u05e9 \u05d7\u05e0\u05d9\u05d4 - \u05d8\u05d1\u05e2", "LATIN_NAME": null, "USG_GROUP": 51, "USG_CODE": 6824, "E_ORD": 187304.688527, "N_ORD": 687847.144794, "DATA_YEAR": 0, "PRDCT_VER": null, "X": 187304.688527, "Y": 687847.144794, "lon": 34.862456224869625, "lat": 32.28345826253264}}, {"type": "Feature", "geometry": {"type": "Point", "coordinates": [34.860586, 32.29037]}, "properties": {"UNIQ_ID": 64745988, "FCODE_TYPE": 256, "SETL_CODE": 7400, "SETL_NAME": "\u05e0\u05ea\u05e0\u05d9\u05d4", "NAME": "\u05de\u05d2\u05e8\u05e9 \u05d7\u05e0\u05d9\u05d4", "LATIN_NAME": null, "USG_GROUP": 51, "USG_CODE": 6824, "E_ORD": 187130.972427, "N_ORD": 688614.257194, "DATA_YEAR": 0, "PRDCT_VER": null, "X": 187130.972427, "Y": 688614.257194, "lon": 34.86058618333023, "lat": 32.29037030805549}}, {"type": "Feature", "geometry": {"type": "Point", "coordinates": [34.872527, 32.314372]}, "properties": {"UNIQ_ID": 64746063, "FCODE_TYPE": 256, "SETL_CODE": 7400, "SETL_NAME": "\u05e0\u05ea\u05e0\u05d9\u05d4", "NAME": "\u05de\u05d2\u05e8\u05e9 \u05d7\u05e0\u05d9\u05d4", "LATIN_NAME": null, "USG_GROUP": 51, "USG_CODE": 6824, "E_ORD": 188264.050327, "N_ORD": 691272.471894, "DATA_YEAR": 0, "PRDCT_VER": null, "X": 188264.050327, "Y": 691272.471894, "lon": 34.87252693462031, "lat": 32.31437159561942}}, {"type": "Feature", "geometry": {"type": "Point", "coordinates": [34.865243, 32.288015]}, "properties": {"UNIQ_ID": 64746138, "FCODE_TYPE": 256, "SETL_CODE": 7400, "SETL_NAME": "\u05e0\u05ea\u05e0\u05d9\u05d4", "NAME": "\u05de\u05d2\u05e8\u05e9 \u05d7\u05e0\u05d9\u05d4", "LATIN_NAME": null, "USG_GROUP": 51, "USG_CODE": 6824, "E_ORD": 187568.863427, "N_ORD": 688351.657794, "DATA_YEAR": 0, "PRDCT_VER": null, "X": 187568.863427, "Y": 688351.657794, "lon": 34.86524340718359, "lat": 32.28801502473378}}, {"type": "Feature", "geometry": {"type": "Point", "coordinates": [34.877459, 32.318041]}, "properties": {"UNIQ_ID": 64746060, "FCODE_TYPE": 256, "SETL_CODE": 7400, "SETL_NAME": "\u05e0\u05ea\u05e0\u05d9\u05d4", "NAME": "\u05de\u05d2\u05e8\u05e9 \u05d7\u05e0\u05d9\u05d4", "LATIN_NAME": null, "USG_GROUP": 51, "USG_CODE": 6824, "E_ORD": 188729.748527, "N_ORD": 691677.964694, "DATA_YEAR": 0, "PRDCT_VER": null, "X": 188729.748527, "Y": 691677.964694, "lon": 34.877458696526666, "lat": 32.31804082419961}}, {"type": "Feature", "geometry": {"type": "Point", "coordinates": [34.877387, 32.302357]}, "properties": {"UNIQ_ID": 64746017, "FCODE_TYPE": 256, "SETL_CODE": 7400, "SETL_NAME": "\u05e0\u05ea\u05e0\u05d9\u05d4", "NAME": "\u05de\u05d2\u05e8\u05e9 \u05d7\u05e0\u05d9\u05d4", "LATIN_NAME": null, "USG_GROUP": 51, "USG_CODE": 6824, "E_ORD": 188717.655827, "N_ORD": 689938.678294, "DATA_YEAR": 0, "PRDCT_VER": null, "X": 188717.655827, "Y": 689938.678294, "lon": 34.87738665105389, "lat": 32.30235737399627}}, {"type": "Feature", "geometry": {"type": "Point", "coordinates": [34.859148, 32.272939]}, "properties": {"UNIQ_ID": 51590420, "FCODE_TYPE": 256, "SETL_CODE": 7400, "SETL_NAME": "\u05e0\u05ea\u05e0\u05d9\u05d4", "NAME": "\u05de\u05d2\u05e8\u05e9 \u05d7\u05e0\u05d9\u05d4", "LATIN_NAME": null, "USG_GROUP": 51, "USG_CODE": 6824, "E_ORD": 186989.235227, "N_ORD": 686681.509594, "DATA_YEAR": 0, "PRDCT_VER": null, "X": 186989.235227, "Y": 686681.509594, "lon": 34.85914763325323, "lat": 32.272938600601684}}, {"type": "Feature", "geometry": {"type": "Point", "coordinates": [34.858567, 32.300516]}, "properties": {"UNIQ_ID": 64746128, "FCODE_TYPE": 256, "SETL_CODE": 7400, "SETL_NAME": "\u05e0\u05ea\u05e0\u05d9\u05d4", "NAME": "\u05de\u05d2\u05e8\u05e9 \u05d7\u05e0\u05d9\u05d4", "LATIN_NAME": null, "USG_GROUP": 51, "USG_CODE": 6824, "E_ORD": 186944.368227, "N_ORD": 689740.006794, "DATA_YEAR": 0, "PRDCT_VER": null, "X": 186944.368227, "Y": 689740.006794, "lon": 34.85856674619095, "lat": 32.30051576692076}}, {"type": "Feature", "geometry": {"type": "Point", "coordinates": [34.855689, 32.326479]}, "properties": {"UNIQ_ID": 51589247, "FCODE_TYPE": 256, "SETL_CODE": 7400, "SETL_NAME": "\u05e0\u05ea\u05e0\u05d9\u05d4", "NAME": "\u05de\u05d2\u05e8\u05e9 \u05d7\u05e0\u05d9\u05d4", "LATIN_NAME": null, "USG_GROUP": 51, "USG_CODE": 6824, "E_ORD": 186682.706727, "N_ORD": 692620.201794, "DATA_YEAR": 0, "PRDCT_VER": null, "X": 186682.706727, "Y": 692620.201794, "lon": 34.85568927101618, "lat": 32.326478724004346}}, {"type": "Feature", "geometry": {"type": "Point", "coordinates": [34.855864, 32.343221]}, "properties": {"UNIQ_ID": 64746037, "FCODE_TYPE": 256, "SETL_CODE": 7400, "SETL_NAME": "\u05e0\u05ea\u05e0\u05d9\u05d4", "NAME": "\u05de\u05d2\u05e8\u05e9 \u05d7\u05e0\u05d9\u05d4", "LATIN_NAME": null, "USG_GROUP": 51, "USG_CODE": 6824, "E_ORD": 186705.163527, "N_ORD": 694476.859494, "DATA_YEAR": 0, "PRDCT_VER": null, "X": 186705.163527, "Y": 694476.859494, "lon": 34.85586357954158, "lat": 32.34322073291727}}, {"type": "Feature", "geometry": {"type": "Point", "coordinates": [34.853103, 32.28436]}, "properties": {"UNIQ_ID": 51586811, "FCODE_TYPE": 256, "SETL_CODE": 7400, "SETL_NAME": "\u05e0\u05ea\u05e0\u05d9\u05d4", "NAME": "\u05de\u05d2\u05e8\u05e9 \u05d7\u05e0\u05d9\u05d4", "LATIN_NAME": null, "USG_GROUP": 51, "USG_CODE": 6824, "E_ORD": 186423.881727, "N_ORD": 687950.022094, "DATA_YEAR": 0, "PRDCT_VER": null, "X": 186423.881727, "Y": 687950.022094, "lon": 34.85310321133833, "lat": 32.28436023541558}}, {"type": "Feature", "geometry": {"type": "Point", "coordinates": [34.861881, 32.329865]}, "properties": {"UNIQ_ID": 64746049, "FCODE_TYPE": 256, "SETL_CODE": 7400, "SETL_NAME": "\u05e0\u05ea\u05e0\u05d9\u05d4", "NAME": "\u05de\u05d2\u05e8\u05e9 \u05d7\u05e0\u05d9\u05d4", "LATIN_NAME": null, "USG_GROUP": 51, "USG_CODE": 6824, "E_ORD": 187266.988327, "N_ORD": 692993.808194, "DATA_YEAR": 0, "PRDCT_VER": null, "X": 187266.988327, "Y": 692993.808194, "lon": 34.86188144740353, "lat": 32.329864511601635}}, {"type": "Feature", "geometry": {"type": "Point", "coordinates": [34.854793, 32.284994]}, "properties": {"UNIQ_ID": 64746162, "FCODE_TYPE": 256, "SETL_CODE": 7400, "SETL_NAME": "\u05e0\u05ea\u05e0\u05d9\u05d4", "NAME": "\u05de\u05d2\u05e8\u05e9 \u05d7\u05e0\u05d9\u05d4", "LATIN_NAME": null, "USG_GROUP": 51, "USG_CODE": 6824, "E_ORD": 186583.328327, "N_ORD": 688019.791594, "DATA_YEAR": 0, "PRDCT_VER": null, "X": 186583.328327, "Y": 688019.791594, "lon": 34.85479327947154, "lat": 32.28499404558551}}, {"type": "Feature", "geometry": {"type": "Point", "coordinates": [34.854321, 32.283039]}, "properties": {"UNIQ_ID": 64746054, "FCODE_TYPE": 256, "SETL_CODE": 7400, "SETL_NAME": "\u05e0\u05ea\u05e0\u05d9\u05d4", "NAME": "\u05de\u05d2\u05e8\u05e9 \u05d7\u05e0\u05d9\u05d4", "LATIN_NAME": null, "USG_GROUP": 51, "USG_CODE": 6824, "E_ORD": 186538.115327, "N_ORD": 687803.099894, "DATA_YEAR": 0, "PRDCT_VER": null, "X": 186538.115327, "Y": 687803.099894, "lon": 34.854320861364315, "lat": 32.28303880648982}}, {"type": "Feature", "geometry": {"type": "Point", "coordinates": [34.865436, 32.289416]}, "properties": {"UNIQ_ID": 64746137, "FCODE_TYPE": 256, "SETL_CODE": 7400, "SETL_NAME": "\u05e0\u05ea\u05e0\u05d9\u05d4", "NAME": "\u05de\u05d2\u05e8\u05e9 \u05d7\u05e0\u05d9\u05d4", "LATIN_NAME": null, "USG_GROUP": 51, "USG_CODE": 6824, "E_ORD": 187587.519327, "N_ORD": 688506.923694, "DATA_YEAR": 2014, "PRDCT_VER": "2015-07", "X": 187587.519327, "Y": 688506.923694, "lon": 34.865436232185274, "lat": 32.28941558986451}}, {"type": "Feature", "geometry": {"type": "Point", "coordinates": [34.853651, 32.34974]}, "properties": {"UNIQ_ID": 51586856, "FCODE_TYPE": 256, "SETL_CODE": 7400, "SETL_NAME": "\u05e0\u05ea\u05e0\u05d9\u05d4", "NAME": "\u05de\u05d2\u05e8\u05e9 \u05d7\u05e0\u05d9\u05d4", "LATIN_NAME": null, "USG_GROUP": 51, "USG_CODE": 6824, "E_ORD": 186499.259927, "N_ORD": 695200.544194, "DATA_YEAR": 2014, "PRDCT_VER": "2015-07", "X": 186499.259927, "Y": 695200.544194, "lon": 34.85365136919577, "lat": 32.34974006934786}}, {"type": "Feature", "geometry": {"type": "Point", "coordinates": [34.850066, 32.279346]}, "properties": {"UNIQ_ID": 64746156, "FCODE_TYPE": 256, "SETL_CODE": 7400, "SETL_NAME": "\u05e0\u05ea\u05e0\u05d9\u05d4", "NAME": "\u05de\u05d2\u05e8\u05e9 \u05d7\u05e0\u05d9\u05d4", "LATIN_NAME": null, "USG_GROUP": 51, "USG_CODE": 6824, "E_ORD": 186135.903427, "N_ORD": 687394.854794, "DATA_YEAR": 0, "PRDCT_VER": null, "X": 186135.903427, "Y": 687394.854794, "lon": 34.85006587111748, "lat": 32.27934574882395}}, {"type": "Feature", "geometry": {"type": "Point", "coordinates": [34.833786, 32.261713]}, "properties": {"UNIQ_ID": 51586289, "FCODE_TYPE": 256, "SETL_CODE": 7400, "SETL_NAME": "\u05e0\u05ea\u05e0\u05d9\u05d4", "NAME": "\u05de\u05d2\u05e8\u05e9 \u05d7\u05e0\u05d9\u05d4 - \u05de\u05db\u05d5\u05df \u05d5\u05d9\u05e0\u05d2\u05d9\u05d9\u05d8", "LATIN_NAME": null, "USG_GROUP": 51, "USG_CODE": 6824, "E_ORD": 184595.400027, "N_ORD": 685444.570794, "DATA_YEAR": 2014, "PRDCT_VER": "2015-07", "X": 184595.400027, "Y": 685444.570794, "lon": 34.83378628421138, "lat": 32.26171308935694}}, {"type": "Feature", "geometry": {"type": "Point", "coordinates": [34.846315, 32.280636]}, "properties": {"UNIQ_ID": 64746012, "FCODE_TYPE": 256, "SETL_CODE": 7400, "SETL_NAME": "\u05e0\u05ea\u05e0\u05d9\u05d4", "NAME": "\u05de\u05d2\u05e8\u05e9 \u05d7\u05e0\u05d9\u05d4", "LATIN_NAME": null, "USG_GROUP": 51, "USG_CODE": 6824, "E_ORD": 185783.038027, "N_ORD": 687539.063394, "DATA_YEAR": 2014, "PRDCT_VER": "2015-07", "X": 185783.038027, "Y": 687539.063394, "lon": 34.84631539823233, "lat": 32.280635509782904}}, {"type": "Feature", "geometry": {"type": "Point", "coordinates": [34.837241, 32.269229]}, "properties": {"UNIQ_ID": 51585876, "FCODE_TYPE": 256, "SETL_CODE": 7400, "SETL_NAME": "\u05e0\u05ea\u05e0\u05d9\u05d4", "NAME": "\u05de\u05d2\u05e8\u05e9 \u05d7\u05e0\u05d9\u05d4 - \u05e4\u05e8\u05d8\u05d9", "LATIN_NAME": null, "USG_GROUP": 51, "USG_CODE": 6824, "E_ORD": 184923.832527, "N_ORD": 686276.942794, "DATA_YEAR": 0, "PRDCT_VER": null, "X": 184923.832527, "Y": 686276.942794, "lon": 34.837241405858784, "lat": 32.26922877611213}}, {"type": "Feature", "geometry": {"type": "Point", "coordinates": [34.840537, 32.27361]}, "properties": {"UNIQ_ID": 64746072, "FCODE_TYPE": 256, "SETL_CODE": 7400, "SETL_NAME": "\u05e0\u05ea\u05e0\u05d9\u05d4", "NAME": "\u05de\u05d2\u05e8\u05e9 \u05d7\u05e0\u05d9\u05d4", "LATIN_NAME": null, "USG_GROUP": 51, "USG_CODE": 6824, "E_ORD": 185235.989027, "N_ORD": 686761.767594, "DATA_YEAR": 0, "PRDCT_VER": null, "X": 185235.989027, "Y": 686761.767594, "lon": 34.84053685462235, "lat": 32.27361003309766}}, {"type": "Feature", "geometry": {"type": "Point", "coordinates": [34.8443, 32.273306]}, "properties": {"UNIQ_ID": 64746140, "FCODE_TYPE": 256, "SETL_CODE": 7400, "SETL_NAME": "\u05e0\u05ea\u05e0\u05d9\u05d4", "NAME": "\u05de\u05d2\u05e8\u05e9 \u05d7\u05e0\u05d9\u05d4", "LATIN_NAME": null, "USG_GROUP": 51, "USG_CODE": 6824, "E_ORD": 185590.441327, "N_ORD": 686726.881994, "DATA_YEAR": 0, "PRDCT_VER": null, "X": 185590.441327, "Y": 686726.881994, "lon": 34.84430006475547, "lat": 32.27330625500543}}, {"type": "Feature", "geometry": {"type": "Point", "coordinates": [34.849741, 32.283376]}, "properties": {"UNIQ_ID": 51585411, "FCODE_TYPE": 256, "SETL_CODE": 7400, "SETL_NAME": "\u05e0\u05ea\u05e0\u05d9\u05d4", "NAME": "\u05de\u05d2\u05e8\u05e9 \u05d7\u05e0\u05d9\u05d4", "LATIN_NAME": null, "USG_GROUP": 51, "USG_CODE": 6824, "E_ORD": 186106.815227, "N_ORD": 687841.861894, "DATA_YEAR": 0, "PRDCT_VER": null, "X": 186106.815227, "Y": 687841.861894, "lon": 34.84974143423996, "lat": 32.28337554452589}}, {"type": "Feature", "geometry": {"type": "Point", "coordinates": [34.844061, 32.286922]}, "properties": {"UNIQ_ID": 64745974, "FCODE_TYPE": 256, "SETL_CODE": 7400, "SETL_NAME": "\u05e0\u05ea\u05e0\u05d9\u05d4", "NAME": "\u05de\u05d2\u05e8\u05e9 \u05d7\u05e0\u05d9\u05d4", "LATIN_NAME": null, "USG_GROUP": 51, "USG_CODE": 6824, "E_ORD": 185573.035927, "N_ORD": 688236.910394, "DATA_YEAR": 0, "PRDCT_VER": null, "X": 185573.035927, "Y": 688236.910394, "lon": 34.844061486321344, "lat": 32.28692164706119}}, {"type": "Feature", "geometry": {"type": "Point", "coordinates": [34.841553, 32.287236]}, "properties": {"UNIQ_ID": 64746029, "FCODE_TYPE": 256, "SETL_CODE": 7400, "SETL_NAME": "\u05e0\u05ea\u05e0\u05d9\u05d4", "NAME": "\u05de\u05d2\u05e8\u05e9 \u05d7\u05e0\u05d9\u05d4", "LATIN_NAME": null, "USG_GROUP": 51, "USG_CODE": 6824, "E_ORD": 185336.809927, "N_ORD": 688272.556094, "DATA_YEAR": 0, "PRDCT_VER": null, "X": 185336.809927, "Y": 688272.556094, "lon": 34.84155266339465, "lat": 32.287235880780926}}, {"type": "Feature", "geometry": {"type": "Point", "coordinates": [34.843526, 32.274079]}, "properties": {"UNIQ_ID": 64746146, "FCODE_TYPE": 256, "SETL_CODE": 7400, "SETL_NAME": "\u05e0\u05ea\u05e0\u05d9\u05d4", "NAME": "\u05de\u05d2\u05e8\u05e9 \u05d7\u05e0\u05d9\u05d4", "LATIN_NAME": null, "USG_GROUP": 51, "USG_CODE": 6824, "E_ORD": 185517.840027, "N_ORD": 686812.879494, "DATA_YEAR": 2014, "PRDCT_VER": "2015-07", "X": 185517.840027, "Y": 686812.879494, "lon": 34.84352644521014, "lat": 32.27407949478942}}, {"type": "Feature", "geometry": {"type": "Point", "coordinates": [34.85141, 32.278663]}, "properties": {"UNIQ_ID": 51586923, "FCODE_TYPE": 256, "SETL_CODE": 7400, "SETL_NAME": "\u05e0\u05ea\u05e0\u05d9\u05d4", "NAME": "\u05de\u05d2\u05e8\u05e9 \u05d7\u05e0\u05d9\u05d4", "LATIN_NAME": null, "USG_GROUP": 51, "USG_CODE": 6824, "E_ORD": 186262.306427, "N_ORD": 687318.731894, "DATA_YEAR": 0, "PRDCT_VER": null, "X": 186262.306427, "Y": 687318.731894, "lon": 34.85141018984047, "lat": 32.278663106833775}}, {"type": "Feature", "geometry": {"type": "Point", "coordinates": [34.843887, 32.273113]}, "properties": {"UNIQ_ID": 64746141, "FCODE_TYPE": 256, "SETL_CODE": 7400, "SETL_NAME": "\u05e0\u05ea\u05e0\u05d9\u05d4", "NAME": "\u05de\u05d2\u05e8\u05e9 \u05d7\u05e0\u05d9\u05d4", "LATIN_NAME": null, "USG_GROUP": 51, "USG_CODE": 6824, "E_ORD": 185551.471427, "N_ORD": 686705.616994, "DATA_YEAR": 0, "PRDCT_VER": null, "X": 185551.471427, "Y": 686705.616994, "lon": 34.84388721893432, "lat": 32.2731133280851}}, {"type": "Feature", "geometry": {"type": "Point", "coordinates": [34.842228, 32.273349]}, "properties": {"UNIQ_ID": 64746071, "FCODE_TYPE": 256, "SETL_CODE": 7400, "SETL_NAME": "\u05e0\u05ea\u05e0\u05d9\u05d4", "NAME": "\u05de\u05d2\u05e8\u05e9 \u05d7\u05e0\u05d9\u05d4", "LATIN_NAME": null, "USG_GROUP": 51, "USG_CODE": 6824, "E_ORD": 185395.200527, "N_ORD": 686732.278594, "DATA_YEAR": 0, "PRDCT_VER": null, "X": 185395.200527, "Y": 686732.278594, "lon": 34.842227696827806, "lat": 32.27334898916503}}, {"type": "Feature", "geometry": {"type": "Point", "coordinates": [34.845749, 32.31189]}, "properties": {"UNIQ_ID": 64745980, "FCODE_TYPE": 256, "SETL_CODE": 7400, "SETL_NAME": "\u05e0\u05ea\u05e0\u05d9\u05d4", "NAME": "\u05de\u05d2\u05e8\u05e9 \u05d7\u05e0\u05d9\u05d4", "LATIN_NAME": null, "USG_GROUP": 51, "USG_CODE": 6824, "E_ORD": 185741.315427, "N_ORD": 691005.411294, "DATA_YEAR": 0, "PRDCT_VER": null, "X": 185741.315427, "Y": 691005.411294, "lon": 34.84574944712308, "lat": 32.311890221621475}}, {"type": "Feature", "geometry": {"type": "Point", "coordinates": [34.850906, 32.298177]}, "properties": {"UNIQ_ID": 64746131, "FCODE_TYPE": 256, "SETL_CODE": 7400, "SETL_NAME": "\u05e0\u05ea\u05e0\u05d9\u05d4", "NAME": "\u05de\u05d2\u05e8\u05e9 \u05d7\u05e0\u05d9\u05d4", "LATIN_NAME": null, "USG_GROUP": 51, "USG_CODE": 6824, "E_ORD": 186221.935527, "N_ORD": 689483.016394, "DATA_YEAR": 0, "PRDCT_VER": null, "X": 186221.935527, "Y": 689483.016394, "lon": 34.85090595610146, "lat": 32.29817724017419}}, {"type": "Feature", "geometry": {"type": "Point", "coordinates": [34.850173, 32.333061]}, "properties": {"UNIQ_ID": 51589278, "FCODE_TYPE": 256, "SETL_CODE": 7400, "SETL_NAME": "\u05e0\u05ea\u05e0\u05d9\u05d4", "NAME": "\u05de\u05d2\u05e8\u05e9 \u05d7\u05e0\u05d9\u05d4", "LATIN_NAME": null, "USG_GROUP": 51, "USG_CODE": 6824, "E_ORD": 186165.706127, "N_ORD": 693351.897794, "DATA_YEAR": 0, "PRDCT_VER": null, "X": 186165.706127, "Y": 693351.897794, "lon": 34.85017321123952, "lat": 32.333061079322874}}, {"type": "Feature", "geometry": {"type": "Point", "coordinates": [34.850233, 32.330673]}, "properties": {"UNIQ_ID": 51590947, "FCODE_TYPE": 256, "SETL_CODE": 7400, "SETL_NAME": "\u05e0\u05ea\u05e0\u05d9\u05d4", "NAME": "\u05de\u05d2\u05e8\u05e9 \u05d7\u05e0\u05d9\u05d4", "LATIN_NAME": null, "USG_GROUP": 51, "USG_CODE": 6824, "E_ORD": 186170.494427, "N_ORD": 693087.071794, "DATA_YEAR": 0, "PRDCT_VER": null, "X": 186170.494427, "Y": 693087.071794, "lon": 34.850233366261655, "lat": 32.33067330531964}}, {"type": "Feature", "geometry": {"type": "Point", "coordinates": [34.849364, 32.313654]}, "properties": {"UNIQ_ID": 64746065, "FCODE_TYPE": 256, "SETL_CODE": 7400, "SETL_NAME": "\u05e0\u05ea\u05e0\u05d9\u05d4", "NAME": "\u05de\u05d2\u05e8\u05e9 \u05d7\u05e0\u05d9\u05d4", "LATIN_NAME": null, "USG_GROUP": 51, "USG_CODE": 6824, "E_ORD": 186082.369427, "N_ORD": 691199.858194, "DATA_YEAR": 0, "PRDCT_VER": null, "X": 186082.369427, "Y": 691199.858194, "lon": 34.84936389434627, "lat": 32.31365378157154}}, {"type": "Feature", "geometry": {"type": "Point", "coordinates": [34.847423, 32.27408]}, "properties": {"UNIQ_ID": 64746144, "FCODE_TYPE": 256, "SETL_CODE": 7400, "SETL_NAME": "\u05e0\u05ea\u05e0\u05d9\u05d4", "NAME": "\u05de\u05d2\u05e8\u05e9 \u05d7\u05e0\u05d9\u05d4", "LATIN_NAME": null, "USG_GROUP": 51, "USG_CODE": 6824, "E_ORD": 185884.925027, "N_ORD": 686811.685994, "DATA_YEAR": 0, "PRDCT_VER": null, "X": 185884.925027, "Y": 686811.685994, "lon": 34.84742255263618, "lat": 32.27407980878191}}, {"type": "Feature", "geometry": {"type": "Point", "coordinates": [34.844898, 32.312186]}, "properties": {"UNIQ_ID": 64745981, "FCODE_TYPE": 256, "SETL_CODE": 7400, "SETL_NAME": "\u05e0\u05ea\u05e0\u05d9\u05d4", "NAME": "\u05de\u05d2\u05e8\u05e9 \u05d7\u05e0\u05d9\u05d4", "LATIN_NAME": null, "USG_GROUP": 51, "USG_CODE": 6824, "E_ORD": 185661.223727, "N_ORD": 691038.477994, "DATA_YEAR": 0, "PRDCT_VER": null, "X": 185661.223727, "Y": 691038.477994, "lon": 34.84489786119799, "lat": 32.31218596234757}}, {"type": "Feature", "geometry": {"type": "Point", "coordinates": [34.849525, 32.296676]}, "properties": {"UNIQ_ID": 64746132, "FCODE_TYPE": 256, "SETL_CODE": 7400, "SETL_NAME": "\u05e0\u05ea\u05e0\u05d9\u05d4", "NAME": "\u05de\u05d2\u05e8\u05e9 \u05d7\u05e0\u05d9\u05d4", "LATIN_NAME": null, "USG_GROUP": 51, "USG_CODE": 6824, "E_ORD": 186091.292827, "N_ORD": 689316.961994, "DATA_YEAR": 0, "PRDCT_VER": null, "X": 186091.292827, "Y": 689316.961994, "lon": 34.84952484549179, "lat": 32.29667603929664}}, {"type": "Feature", "geometry": {"type": "Point", "coordinates": [34.844001, 32.303289]}, "properties": {"UNIQ_ID": 51592497, "FCODE_TYPE": 256, "SETL_CODE": 7400, "SETL_NAME": "\u05e0\u05ea\u05e0\u05d9\u05d4", "NAME": "\u05de\u05d2\u05e8\u05e9 \u05d7\u05e0\u05d9\u05d4", "LATIN_NAME": null, "USG_GROUP": 51, "USG_CODE": 6824, "E_ORD": 185573.418127, "N_ORD": 690052.122494, "DATA_YEAR": 0, "PRDCT_VER": null, "X": 185573.418127, "Y": 690052.122494, "lon": 34.84400076575736, "lat": 32.30328937868984}}, {"type": "Feature", "geometry": {"type": "Point", "coordinates": [34.850206, 32.299929]}, "properties": {"UNIQ_ID": 64746006, "FCODE_TYPE": 256, "SETL_CODE": 7400, "SETL_NAME": "\u05e0\u05ea\u05e0\u05d9\u05d4", "NAME": "\u05de\u05d2\u05e8\u05e9 \u05d7\u05e0\u05d9\u05d4", "LATIN_NAME": null, "USG_GROUP": 51, "USG_CODE": 6824, "E_ORD": 186156.632527, "N_ORD": 689677.505394, "DATA_YEAR": 0, "PRDCT_VER": null, "X": 186156.632527, "Y": 689677.505394, "lon": 34.85020585485766, "lat": 32.29992899876596}}, {"type": "Feature", "geometry": {"type": "Point", "coordinates": [34.846654, 32.317608]}, "properties": {"UNIQ_ID": 64746062, "FCODE_TYPE": 256, "SETL_CODE": 7400, "SETL_NAME": "\u05e0\u05ea\u05e0\u05d9\u05d4", "NAME": "\u05de\u05d2\u05e8\u05e9 \u05d7\u05e0\u05d9\u05d4", "LATIN_NAME": null, "USG_GROUP": 51, "USG_CODE": 6824, "E_ORD": 185828.643127, "N_ORD": 691639.281894, "DATA_YEAR": 0, "PRDCT_VER": null, "X": 185828.643127, "Y": 691639.281894, "lon": 34.846654214395144, "lat": 32.31760843227605}}, {"type": "Feature", "geometry": {"type": "Point", "coordinates": [34.843708, 32.300528]}, "properties": {"UNIQ_ID": 51591480, "FCODE_TYPE": 256, "SETL_CODE": 7400, "SETL_NAME": "\u05e0\u05ea\u05e0\u05d9\u05d4", "NAME": "\u05de\u05d2\u05e8\u05e9 \u05d7\u05e0\u05d9\u05d4", "LATIN_NAME": null, "USG_GROUP": 51, "USG_CODE": 6824, "E_ORD": 185544.820027, "N_ORD": 689745.943394, "DATA_YEAR": 0, "PRDCT_VER": null, "X": 185544.820027, "Y": 689745.943394, "lon": 34.84370808108965, "lat": 32.300527705357766}}, {"type": "Feature", "geometry": {"type": "Point", "coordinates": [34.83277, 32.259886]}, "properties": {"UNIQ_ID": 51585883, "FCODE_TYPE": 256, "SETL_CODE": 7400, "SETL_NAME": "\u05e0\u05ea\u05e0\u05d9\u05d4", "NAME": "\u05de\u05d2\u05e8\u05e9 \u05d7\u05e0\u05d9\u05d4", "LATIN_NAME": null, "USG_GROUP": 51, "USG_CODE": 6824, "E_ORD": 184498.965027, "N_ORD": 685242.233894, "DATA_YEAR": 2014, "PRDCT_VER": "2015-07", "X": 184498.965027, "Y": 685242.233894, "lon": 34.832770345752294, "lat": 32.259885607688695}}, {"type": "Feature", "geometry": {"type": "Point", "coordinates": [34.849605, 32.32944]}, "properties": {"UNIQ_ID": 51588940, "FCODE_TYPE": 256, "SETL_CODE": 7400, "SETL_NAME": "\u05e0\u05ea\u05e0\u05d9\u05d4", "NAME": "\u05de\u05d2\u05e8\u05e9 \u05d7\u05e0\u05d9\u05d4", "LATIN_NAME": null, "USG_GROUP": 51, "USG_CODE": 6824, "E_ORD": 186110.879727, "N_ORD": 692950.501994, "DATA_YEAR": 0, "PRDCT_VER": null, "X": 186110.879727, "Y": 692950.501994, "lon": 34.84960505543062, "lat": 32.32944008586399}}, {"type": "Feature", "geometry": {"type": "Point", "coordinates": [34.848916, 32.328426]}, "properties": {"UNIQ_ID": 51589597, "FCODE_TYPE": 256, "SETL_CODE": 7400, "SETL_NAME": "\u05e0\u05ea\u05e0\u05d9\u05d4", "NAME": "\u05de\u05d2\u05e8\u05e9 \u05d7\u05e0\u05d9\u05d4", "LATIN_NAME": null, "USG_GROUP": 51, "USG_CODE": 6824, "E_ORD": 186045.655827, "N_ORD": 692838.278194, "DATA_YEAR": 0, "PRDCT_VER": null, "X": 186045.655827, "Y": 692838.278194, "lon": 34.848916334572266, "lat": 32.32842622151058}}, {"type": "Feature", "geometry": {"type": "Point", "coordinates": [34.852118, 32.297346]}, "properties": {"UNIQ_ID": 64746133, "FCODE_TYPE": 256, "SETL_CODE": 7400, "SETL_NAME": "\u05e0\u05ea\u05e0\u05d9\u05d4", "NAME": "\u05de\u05d2\u05e8\u05e9 \u05d7\u05e0\u05d9\u05d4", "LATIN_NAME": null, "USG_GROUP": 51, "USG_CODE": 6824, "E_ORD": 186335.842927, "N_ORD": 689390.487994, "DATA_YEAR": 0, "PRDCT_VER": null, "X": 186335.842927, "Y": 689390.487994, "lon": 34.852118463735174, "lat": 32.29734629493137}}, {"type": "Feature", "geometry": {"type": "Point", "coordinates": [34.851841, 32.281559]}, "properties": {"UNIQ_ID": 64746159, "FCODE_TYPE": 256, "SETL_CODE": 7400, "SETL_NAME": "\u05e0\u05ea\u05e0\u05d9\u05d4", "NAME": "\u05de\u05d2\u05e8\u05e9 \u05d7\u05e0\u05d9\u05d4", "LATIN_NAME": null, "USG_GROUP": 51, "USG_CODE": 6824, "E_ORD": 186303.928327, "N_ORD": 687639.784194, "DATA_YEAR": 0, "PRDCT_VER": null, "X": 186303.928327, "Y": 687639.784194, "lon": 34.851840765078826, "lat": 32.28155927082698}}, {"type": "Feature", "geometry": {"type": "Point", "coordinates": [34.852168, 32.278126]}, "properties": {"UNIQ_ID": 64745959, "FCODE_TYPE": 256, "SETL_CODE": 7400, "SETL_NAME": "\u05e0\u05ea\u05e0\u05d9\u05d4", "NAME": "\u05de\u05d2\u05e8\u05e9 \u05d7\u05e0\u05d9\u05d4", "LATIN_NAME": null, "USG_GROUP": 51, "USG_CODE": 6824, "E_ORD": 186333.513727, "N_ORD": 687258.909994, "DATA_YEAR": 0, "PRDCT_VER": null, "X": 186333.513727, "Y": 687258.909994, "lon": 34.85216807396698, "lat": 32.27812580339035}}, {"type": "Feature", "geometry": {"type": "Point", "coordinates": [34.85187, 32.283855]}, "properties": {"UNIQ_ID": 64746164, "FCODE_TYPE": 256, "SETL_CODE": 7400, "SETL_NAME": "\u05e0\u05ea\u05e0\u05d9\u05d4", "NAME": "\u05de\u05d2\u05e8\u05e9 \u05d7\u05e0\u05d9\u05d4", "LATIN_NAME": null, "USG_GROUP": 51, "USG_CODE": 6824, "E_ORD": 186307.508127, "N_ORD": 687894.347294, "DATA_YEAR": 0, "PRDCT_VER": null, "X": 186307.508127, "Y": 687894.347294, "lon": 34.851869880028175, "lat": 32.283854772230875}}, {"type": "Feature", "geometry": {"type": "Point", "coordinates": [34.851394, 32.338497]}, "properties": {"UNIQ_ID": 64746038, "FCODE_TYPE": 256, "SETL_CODE": 7400, "SETL_NAME": "\u05e0\u05ea\u05e0\u05d9\u05d4", "NAME": "\u05de\u05d2\u05e8\u05e9 \u05d7\u05e0\u05d9\u05d4", "LATIN_NAME": null, "USG_GROUP": 51, "USG_CODE": 6824, "E_ORD": 186282.676127, "N_ORD": 693954.367594, "DATA_YEAR": 0, "PRDCT_VER": null, "X": 186282.676127, "Y": 693954.367594, "lon": 34.85139438702112, "lat": 32.33849698566016}}, {"type": "Feature", "geometry": {"type": "Point", "coordinates": [34.850179, 32.329429]}, "properties": {"UNIQ_ID": 51590672, "FCODE_TYPE": 256, "SETL_CODE": 7400, "SETL_NAME": "\u05e0\u05ea\u05e0\u05d9\u05d4", "NAME": "\u05de\u05d2\u05e8\u05e9 \u05d7\u05e0\u05d9\u05d4", "LATIN_NAME": null, "USG_GROUP": 51, "USG_CODE": 6824, "E_ORD": 186164.886927, "N_ORD": 692949.146194, "DATA_YEAR": 0, "PRDCT_VER": null, "X": 186164.886927, "Y": 692949.146194, "lon": 34.850178658563394, "lat": 32.329429472628775}}, {"type": "Feature", "geometry": {"type": "Point", "coordinates": [34.850283, 32.331876]}, "properties": {"UNIQ_ID": 51586977, "FCODE_TYPE": 256, "SETL_CODE": 7400, "SETL_NAME": "\u05e0\u05ea\u05e0\u05d9\u05d4", "NAME": "\u05de\u05d2\u05e8\u05e9 \u05d7\u05e0\u05d9\u05d4", "LATIN_NAME": null, "USG_GROUP": 51, "USG_CODE": 6824, "E_ORD": 186175.634027, "N_ORD": 693220.430594, "DATA_YEAR": 0, "PRDCT_VER": null, "X": 186175.634027, "Y": 693220.430594, "lon": 34.850283266437664, "lat": 32.33187594529774}}, {"type": "Feature", "geometry": {"type": "Point", "coordinates": [34.84168, 32.303082]}, "properties": {"UNIQ_ID": 51589134, "FCODE_TYPE": 256, "SETL_CODE": 7400, "SETL_NAME": "\u05e0\u05ea\u05e0\u05d9\u05d4", "NAME": "\u05de\u05d2\u05e8\u05e9 \u05d7\u05e0\u05d9\u05d4", "LATIN_NAME": null, "USG_GROUP": 51, "USG_CODE": 6824, "E_ORD": 185354.711927, "N_ORD": 690029.846394, "DATA_YEAR": 0, "PRDCT_VER": null, "X": 185354.711927, "Y": 690029.846394, "lon": 34.84167957933499, "lat": 32.30308186336839}}, {"type": "Feature", "geometry": {"type": "Point", "coordinates": [34.846316, 32.316815]}, "properties": {"UNIQ_ID": 64746031, "FCODE_TYPE": 256, "SETL_CODE": 7400, "SETL_NAME": "\u05e0\u05ea\u05e0\u05d9\u05d4", "NAME": "\u05de\u05d2\u05e8\u05e9 \u05d7\u05e0\u05d9\u05d4", "LATIN_NAME": null, "USG_GROUP": 51, "USG_CODE": 6824, "E_ORD": 185796.480927, "N_ORD": 691551.352294, "DATA_YEAR": 2014, "PRDCT_VER": "2015-07", "X": 185796.480927, "Y": 691551.352294, "lon": 34.84631581760184, "lat": 32.31681460711656}}, {"type": "Feature", "geometry": {"type": "Point", "coordinates": [34.836544, 32.261625]}, "properties": {"UNIQ_ID": 51586698, "FCODE_TYPE": 256, "SETL_CODE": 7400, "SETL_NAME": "\u05e0\u05ea\u05e0\u05d9\u05d4", "NAME": "\u05de\u05d2\u05e8\u05e9 \u05d7\u05e0\u05d9\u05d4 - \u05de\u05db\u05d5\u05df \u05d5\u05d9\u05e0\u05d2\u05d9\u05d9\u05d8", "LATIN_NAME": null, "USG_GROUP": 51, "USG_CODE": 6824, "E_ORD": 184855.214027, "N_ORD": 685433.906194, "DATA_YEAR": 2014, "PRDCT_VER": "2015-07", "X": 184855.214027, "Y": 685433.906194, "lon": 34.83654383701674, "lat": 32.26162498804007}}, {"type": "Feature", "geometry": {"type": "Point", "coordinates": [34.850854, 32.281065]}, "properties": {"UNIQ_ID": 51587280, "FCODE_TYPE": 256, "SETL_CODE": 7400, "SETL_NAME": "\u05e0\u05ea\u05e0\u05d9\u05d4", "NAME": "\u05de\u05d2\u05e8\u05e9 \u05d7\u05e0\u05d9\u05d4", "LATIN_NAME": null, "USG_GROUP": 51, "USG_CODE": 6824, "E_ORD": 186210.749527, "N_ORD": 687585.239894, "DATA_YEAR": 0, "PRDCT_VER": null, "X": 186210.749527, "Y": 687585.239894, "lon": 34.850853636608264, "lat": 32.28106467885063}}, {"type": "Feature", "geometry": {"type": "Point", "coordinates": [34.843338, 32.286353]}, "properties": {"UNIQ_ID": 51587561, "FCODE_TYPE": 256, "SETL_CODE": 7400, "SETL_NAME": "\u05e0\u05ea\u05e0\u05d9\u05d4", "NAME": "\u05de\u05d2\u05e8\u05e9 \u05d7\u05e0\u05d9\u05d4", "LATIN_NAME": null, "USG_GROUP": 51, "USG_CODE": 6824, "E_ORD": 185504.639027, "N_ORD": 688174.036494, "DATA_YEAR": 0, "PRDCT_VER": null, "X": 185504.639027, "Y": 688174.036494, "lon": 34.84333769943123, "lat": 32.28635263940115}}, {"type": "Feature", "geometry": {"type": "Point", "coordinates": [34.838872, 32.277818]}, "properties": {"UNIQ_ID": 64746148, "FCODE_TYPE": 256, "SETL_CODE": 7400, "SETL_NAME": "\u05e0\u05ea\u05e0\u05d9\u05d4", "NAME": "\u05de\u05d2\u05e8\u05e9 \u05d7\u05e0\u05d9\u05d4", "LATIN_NAME": null, "USG_GROUP": 51, "USG_CODE": 6824, "E_ORD": 185080.753627, "N_ORD": 687228.973294, "DATA_YEAR": 0, "PRDCT_VER": null, "X": 185080.753627, "Y": 687228.973294, "lon": 34.83887237140033, "lat": 32.27781806632565}}, {"type": "Feature", "geometry": {"type": "Point", "coordinates": [34.842927, 32.292255]}, "properties": {"UNIQ_ID": 51585326, "FCODE_TYPE": 256, "SETL_CODE": 7400, "SETL_NAME": "\u05e0\u05ea\u05e0\u05d9\u05d4", "NAME": "\u05de\u05d2\u05e8\u05e9 \u05d7\u05e0\u05d9\u05d4", "LATIN_NAME": null, "USG_GROUP": 51, "USG_CODE": 6824, "E_ORD": 185468.165527, "N_ORD": 688828.699594, "DATA_YEAR": 0, "PRDCT_VER": null, "X": 185468.165527, "Y": 688828.699594, "lon": 34.84292710710578, "lat": 32.29225461617289}}, {"type": "Feature", "geometry": {"type": "Point", "coordinates": [34.852246, 32.275221]}, "properties": {"UNIQ_ID": 64746143, "FCODE_TYPE": 256, "SETL_CODE": 7400, "SETL_NAME": "\u05e0\u05ea\u05e0\u05d9\u05d4", "NAME": "\u05de\u05d2\u05e8\u05e9 \u05d7\u05e0\u05d9\u05d4", "LATIN_NAME": null, "USG_GROUP": 51, "USG_CODE": 6824, "E_ORD": 186339.787627, "N_ORD": 686936.790294, "DATA_YEAR": 2014, "PRDCT_VER": "2015-07", "X": 186339.787627, "Y": 686936.790294, "lon": 34.85224589061426, "lat": 32.275221433162464}}, {"type": "Feature", "geometry": {"type": "Point", "coordinates": [34.842169, 32.27393]}, "properties": {"UNIQ_ID": 64746147, "FCODE_TYPE": 256, "SETL_CODE": 7400, "SETL_NAME": "\u05e0\u05ea\u05e0\u05d9\u05d4", "NAME": "\u05de\u05d2\u05e8\u05e9 \u05d7\u05e0\u05d9\u05d4", "LATIN_NAME": null, "USG_GROUP": 51, "USG_CODE": 6824, "E_ORD": 185389.847527, "N_ORD": 686796.703494, "DATA_YEAR": 0, "PRDCT_VER": null, "X": 185389.847527, "Y": 686796.703494, "lon": 34.8421685740799, "lat": 32.27392974567963}}, {"type": "Feature", "geometry": {"type": "Point", "coordinates": [34.85117, 32.285186]}, "properties": {"UNIQ_ID": 64746165, "FCODE_TYPE": 256, "SETL_CODE": 7400, "SETL_NAME": "\u05e0\u05ea\u05e0\u05d9\u05d4", "NAME": "\u05de\u05d2\u05e8\u05e9 \u05d7\u05e0\u05d9\u05d4", "LATIN_NAME": null, "USG_GROUP": 51, "USG_CODE": 6824, "E_ORD": 186242.089627, "N_ORD": 688042.191894, "DATA_YEAR": 0, "PRDCT_VER": null, "X": 186242.089627, "Y": 688042.191894, "lon": 34.85117031499135, "lat": 32.28518594530362}}, {"type": "Feature", "geometry": {"type": "Point", "coordinates": [34.845232, 32.281921]}, "properties": {"UNIQ_ID": 64746011, "FCODE_TYPE": 256, "SETL_CODE": 7400, "SETL_NAME": "\u05e0\u05ea\u05e0\u05d9\u05d4", "NAME": "\u05de\u05d2\u05e8\u05e9 \u05d7\u05e0\u05d9\u05d4", "LATIN_NAME": null, "USG_GROUP": 51, "USG_CODE": 6824, "E_ORD": 185681.446627, "N_ORD": 687681.951694, "DATA_YEAR": 2014, "PRDCT_VER": "2015-07", "X": 185681.446627, "Y": 687681.951694, "lon": 34.8452319986099, "lat": 32.28192086962525}}, {"type": "Feature", "geometry": {"type": "Point", "coordinates": [34.843768, 32.274524]}, "properties": {"UNIQ_ID": 64746145, "FCODE_TYPE": 256, "SETL_CODE": 7400, "SETL_NAME": "\u05e0\u05ea\u05e0\u05d9\u05d4", "NAME": "\u05de\u05d2\u05e8\u05e9 \u05d7\u05e0\u05d9\u05d4", "LATIN_NAME": null, "USG_GROUP": 51, "USG_CODE": 6824, "E_ORD": 185540.779927, "N_ORD": 686862.073194, "DATA_YEAR": 0, "PRDCT_VER": null, "X": 185540.779927, "Y": 686862.073194, "lon": 34.84376816291338, "lat": 32.274523770216184}}, {"type": "Feature", "geometry": {"type": "Point", "coordinates": [34.872134, 32.309453]}, "properties": {"UNIQ_ID": 64746070, "FCODE_TYPE": 256, "SETL_CODE": 7400, "SETL_NAME": "\u05e0\u05ea\u05e0\u05d9\u05d4", "NAME": "\u05de\u05d2\u05e8\u05e9 \u05d7\u05e0\u05d9\u05d4", "LATIN_NAME": null, "USG_GROUP": 51, "USG_CODE": 6824, "E_ORD": 188225.332227, "N_ORD": 690727.162994, "DATA_YEAR": 2014, "PRDCT_VER": "2015-07", "X": 188225.332227, "Y": 690727.162994, "lon": 34.87213377128518, "lat": 32.30945347594756}}, {"type": "Feature", "geometry": {"type": "Point", "coordinates": [34.872275, 32.308619]}, "properties": {"UNIQ_ID": 64746069, "FCODE_TYPE": 256, "SETL_CODE": 7400, "SETL_NAME": "\u05e0\u05ea\u05e0\u05d9\u05d4", "NAME": "\u05de\u05d2\u05e8\u05e9 \u05d7\u05e0\u05d9\u05d4", "LATIN_NAME": null, "USG_GROUP": 51, "USG_CODE": 6824, "E_ORD": 188238.356327, "N_ORD": 690634.535394, "DATA_YEAR": 2014, "PRDCT_VER": "2015-07", "X": 188238.356327, "Y": 690634.535394, "lon": 34.8722751051386, "lat": 32.308618618715066}}, {"type": "Feature", "geometry": {"type": "Point", "coordinates": [34.851691, 32.282721]}, "properties": {"UNIQ_ID": 64746157, "FCODE_TYPE": 256, "SETL_CODE": 7400, "SETL_NAME": "\u05e0\u05ea\u05e0\u05d9\u05d4", "NAME": "\u05de\u05d2\u05e8\u05e9 \u05d7\u05e0\u05d9\u05d4", "LATIN_NAME": null, "USG_GROUP": 51, "USG_CODE": 6824, "E_ORD": 186290.281027, "N_ORD": 687768.721394, "DATA_YEAR": 0, "PRDCT_VER": null, "X": 186290.281027, "Y": 687768.721394, "lon": 34.85169140594364, "lat": 32.28272149291469}}, {"type": "Feature", "geometry": {"type": "Point", "coordinates": [34.85186, 32.276816]}, "properties": {"UNIQ_ID": 51587814, "FCODE_TYPE": 256, "SETL_CODE": 7400, "SETL_NAME": "\u05e0\u05ea\u05e0\u05d9\u05d4", "NAME": "\u05de\u05d2\u05e8\u05e9 \u05d7\u05e0\u05d9\u05d4", "LATIN_NAME": null, "USG_GROUP": 51, "USG_CODE": 6824, "E_ORD": 186303.985027, "N_ORD": 687113.787994, "DATA_YEAR": 0, "PRDCT_VER": null, "X": 186303.985027, "Y": 687113.787994, "lon": 34.851859719273804, "lat": 32.276816362510665}}, {"type": "Feature", "geometry": {"type": "Point", "coordinates": [34.851726, 32.317761]}, "properties": {"UNIQ_ID": 64746061, "FCODE_TYPE": 256, "SETL_CODE": 7400, "SETL_NAME": "\u05e0\u05ea\u05e0\u05d9\u05d4", "NAME": "\u05de\u05d2\u05e8\u05e9 \u05d7\u05e0\u05d9\u05d4", "LATIN_NAME": null, "USG_GROUP": 51, "USG_CODE": 6824, "E_ORD": 186306.305027, "N_ORD": 691654.593894, "DATA_YEAR": 0, "PRDCT_VER": null, "X": 186306.305027, "Y": 691654.593894, "lon": 34.85172578047897, "lat": 32.3177607798526}}, {"type": "Feature", "geometry": {"type": "Point", "coordinates": [34.851606, 32.275897]}, "properties": {"UNIQ_ID": 51590301, "FCODE_TYPE": 256, "SETL_CODE": 7400, "SETL_NAME": "\u05e0\u05ea\u05e0\u05d9\u05d4", "NAME": "\u05de\u05d2\u05e8\u05e9 \u05d7\u05e0\u05d9\u05d4", "LATIN_NAME": null, "USG_GROUP": 51, "USG_CODE": 6824, "E_ORD": 186279.727727, "N_ORD": 687011.854694, "DATA_YEAR": 0, "PRDCT_VER": null, "X": 186279.727727, "Y": 687011.854694, "lon": 34.851605814579685, "lat": 32.275896509919605}}, {"type": "Feature", "geometry": {"type": "Point", "coordinates": [34.852012, 32.285833]}, "properties": {"UNIQ_ID": 64746166, "FCODE_TYPE": 256, "SETL_CODE": 7400, "SETL_NAME": "\u05e0\u05ea\u05e0\u05d9\u05d4", "NAME": "\u05de\u05d2\u05e8\u05e9 \u05d7\u05e0\u05d9\u05d4", "LATIN_NAME": null, "USG_GROUP": 51, "USG_CODE": 6824, "E_ORD": 186321.657327, "N_ORD": 688113.676794, "DATA_YEAR": 0, "PRDCT_VER": null, "X": 186321.657327, "Y": 688113.676794, "lon": 34.852012418471446, "lat": 32.285832884869556}}, {"type": "Feature", "geometry": {"type": "Point", "coordinates": [34.861782, 32.327322]}, "properties": {"UNIQ_ID": 64746360, "FCODE_TYPE": 226, "SETL_CODE": 7400, "SETL_NAME": "\u05e0\u05ea\u05e0\u05d9\u05d4", "NAME": "\u05d7\u05e0\u05d9\u05d5\u05df", "LATIN_NAME": "Car Parking", "USG_GROUP": 51, "USG_CODE": 6824, "E_ORD": 187256.692527, "N_ORD": 692711.911094, "DATA_YEAR": 2014, "PRDCT_VER": "2015-07", "X": 187256.692527, "Y": 692711.911094, "lon": 34.86178168252447, "lat": 32.32732236452393}}, {"type": "Feature", "geometry": {"type": "Point", "coordinates": [34.87289, 32.317285]}, "properties": {"UNIQ_ID": 64746379, "FCODE_TYPE": 226, "SETL_CODE": 7400, "SETL_NAME": "\u05e0\u05ea\u05e0\u05d9\u05d4", "NAME": "\u05d7\u05e0\u05d9\u05d5\u05df", "LATIN_NAME": "Car Parking", "USG_GROUP": 51, "USG_CODE": 6824, "E_ORD": 188299.249527, "N_ORD": 691595.477094, "DATA_YEAR": 2014, "PRDCT_VER": "2015-07", "X": 188299.249527, "Y": 691595.477094, "lon": 34.87289007614017, "lat": 32.317285106934115}}, {"type": "Feature", "geometry": {"type": "Point", "coordinates": [34.863134, 32.287824]}, "properties": {"UNIQ_ID": 64746375, "FCODE_TYPE": 226, "SETL_CODE": 7400, "SETL_NAME": "\u05e0\u05ea\u05e0\u05d9\u05d4", "NAME": "\u05d7\u05e0\u05d9\u05d5\u05df", "LATIN_NAME": "Car Parking", "USG_GROUP": 51, "USG_CODE": 6824, "E_ORD": 187370.112427, "N_ORD": 688331.155794, "DATA_YEAR": 2014, "PRDCT_VER": "2015-07", "X": 187370.112427, "Y": 688331.155794, "lon": 34.86313432484823, "lat": 32.28782447176121}}, {"type": "Feature", "geometry": {"type": "Point", "coordinates": [34.863574, 32.286587]}, "properties": {"UNIQ_ID": 64746386, "FCODE_TYPE": 226, "SETL_CODE": 7400, "SETL_NAME": "\u05e0\u05ea\u05e0\u05d9\u05d4", "NAME": "\u05d7\u05e0\u05d9\u05d5\u05df", "LATIN_NAME": "Car Parking", "USG_GROUP": 51, "USG_CODE": 6824, "E_ORD": 187411.080627, "N_ORD": 688193.781594, "DATA_YEAR": 2014, "PRDCT_VER": "2015-07", "X": 187411.080627, "Y": 688193.781594, "lon": 34.863573843406805, "lat": 32.28658694304554}}, {"type": "Feature", "geometry": {"type": "Point", "coordinates": [34.85963, 32.275623]}, "properties": {"UNIQ_ID": 64746363, "FCODE_TYPE": 226, "SETL_CODE": 7400, "SETL_NAME": "\u05e0\u05ea\u05e0\u05d9\u05d4", "NAME": "\u05d7\u05e0\u05d9\u05d5\u05df", "LATIN_NAME": "Car Parking", "USG_GROUP": 51, "USG_CODE": 6824, "E_ORD": 187035.681227, "N_ORD": 686979.063794, "DATA_YEAR": 2014, "PRDCT_VER": "2015-07", "X": 187035.681227, "Y": 686979.063794, "lon": 34.859630432738875, "lat": 32.27562299942661}}, {"type": "Feature", "geometry": {"type": "Point", "coordinates": [34.860422, 32.277644]}, "properties": {"UNIQ_ID": 64746378, "FCODE_TYPE": 226, "SETL_CODE": 7400, "SETL_NAME": "\u05e0\u05ea\u05e0\u05d9\u05d4", "NAME": "\u05d7\u05e0\u05d9\u05d5\u05df", "LATIN_NAME": "Car Parking", "USG_GROUP": 51, "USG_CODE": 6824, "E_ORD": 187110.994827, "N_ORD": 687202.950594, "DATA_YEAR": 2014, "PRDCT_VER": "2015-07", "X": 187110.994827, "Y": 687202.950594, "lon": 34.86042216928319, "lat": 32.277643970679186}}, {"type": "Feature", "geometry": {"type": "Point", "coordinates": [34.861036, 32.289984]}, "properties": {"UNIQ_ID": 64746377, "FCODE_TYPE": 226, "SETL_CODE": 7400, "SETL_NAME": "\u05e0\u05ea\u05e0\u05d9\u05d4", "NAME": "\u05d7\u05e0\u05d9\u05d5\u05df", "LATIN_NAME": "Car Parking", "USG_GROUP": 51, "USG_CODE": 6824, "E_ORD": 187173.185027, "N_ORD": 688571.266194, "DATA_YEAR": 2014, "PRDCT_VER": "2015-07", "X": 187173.185027, "Y": 688571.266194, "lon": 34.861035750102864, "lat": 32.28998387811558}}, {"type": "Feature", "geometry": {"type": "Point", "coordinates": [34.861929, 32.292214]}, "properties": {"UNIQ_ID": 64746384, "FCODE_TYPE": 226, "SETL_CODE": 7400, "SETL_NAME": "\u05e0\u05ea\u05e0\u05d9\u05d4", "NAME": "\u05d7\u05e0\u05d9\u05d5\u05df", "LATIN_NAME": "Car Parking", "USG_GROUP": 51, "USG_CODE": 6824, "E_ORD": 187258.113227, "N_ORD": 688818.324794, "DATA_YEAR": 2014, "PRDCT_VER": "2015-07", "X": 187258.113227, "Y": 688818.324794, "lon": 34.86192891892688, "lat": 32.29221405402307}}, {"type": "Feature", "geometry": {"type": "Point", "coordinates": [34.870748, 32.321548]}, "properties": {"UNIQ_ID": 64746376, "FCODE_TYPE": 226, "SETL_CODE": 7400, "SETL_NAME": "\u05e0\u05ea\u05e0\u05d9\u05d4", "NAME": "\u05d7\u05e0\u05d9\u05d5\u05df", "LATIN_NAME": "Car Parking", "USG_GROUP": 51, "USG_CODE": 6824, "E_ORD": 188098.996127, "N_ORD": 692068.909394, "DATA_YEAR": 2014, "PRDCT_VER": "2015-07", "X": 188098.996127, "Y": 692068.909394, "lon": 34.87074801066564, "lat": 32.321548423965694}}, {"type": "Feature", "geometry": {"type": "Point", "coordinates": [34.860252, 32.284188]}, "properties": {"UNIQ_ID": 64746364, "FCODE_TYPE": 226, "SETL_CODE": 7400, "SETL_NAME": "\u05e0\u05ea\u05e0\u05d9\u05d4", "NAME": "\u05d7\u05e0\u05d9\u05d5\u05df", "LATIN_NAME": "Car Parking", "USG_GROUP": 51, "USG_CODE": 6824, "E_ORD": 187097.281627, "N_ORD": 687928.701094, "DATA_YEAR": 2014, "PRDCT_VER": "2015-07", "X": 187097.281627, "Y": 687928.701094, "lon": 34.8602518985387, "lat": 32.28418767347434}}, {"type": "Feature", "geometry": {"type": "Point", "coordinates": [34.859049, 32.283292]}, "properties": {"UNIQ_ID": 64746380, "FCODE_TYPE": 226, "SETL_CODE": 7400, "SETL_NAME": "\u05e0\u05ea\u05e0\u05d9\u05d4", "NAME": "\u05d7\u05e0\u05d9\u05d5\u05df", "LATIN_NAME": "Car Parking", "USG_GROUP": 51, "USG_CODE": 6824, "E_ORD": 186983.682527, "N_ORD": 687829.746794, "DATA_YEAR": 2014, "PRDCT_VER": "2015-07", "X": 186983.682527, "Y": 687829.746794, "lon": 34.8590494590714, "lat": 32.28329210894017}}, {"type": "Feature", "geometry": {"type": "Point", "coordinates": [34.85289, 32.327564]}, "properties": {"UNIQ_ID": 51592919, "FCODE_TYPE": 226, "SETL_CODE": 7400, "SETL_NAME": "\u05e0\u05ea\u05e0\u05d9\u05d4", "NAME": "\u05d7\u05e0\u05d9\u05d5\u05df", "LATIN_NAME": "Car Parking", "USG_GROUP": 51, "USG_CODE": 6824, "E_ORD": 186419.504927, "N_ORD": 692741.397794, "DATA_YEAR": 2014, "PRDCT_VER": "2015-07", "X": 186419.504927, "Y": 692741.397794, "lon": 34.85288993844186, "lat": 32.32756378316266}}, {"type": "Feature", "geometry": {"type": "Point", "coordinates": [34.849889, 32.301276]}, "properties": {"UNIQ_ID": 51588067, "FCODE_TYPE": 256, "SETL_CODE": 7400, "SETL_NAME": "\u05e0\u05ea\u05e0\u05d9\u05d4", "NAME": "\u05de\u05d2\u05e8\u05e9 \u05d7\u05e0\u05d9\u05d4", "LATIN_NAME": null, "USG_GROUP": 51, "USG_CODE": 6824, "E_ORD": 186127.284227, "N_ORD": 689826.955494, "DATA_YEAR": 0, "PRDCT_VER": null, "X": 186127.284227, "Y": 689826.955494, "lon": 34.84988902975664, "lat": 32.30127571125723}}, {"type": "Feature", "geometry": {"type": "Point", "coordinates": [34.846864, 32.277377]}, "properties": {"UNIQ_ID": 64746149, "FCODE_TYPE": 256, "SETL_CODE": 7400, "SETL_NAME": "\u05e0\u05ea\u05e0\u05d9\u05d4", "NAME": "\u05de\u05d2\u05e8\u05e9 \u05d7\u05e0\u05d9\u05d4", "LATIN_NAME": null, "USG_GROUP": 51, "USG_CODE": 6824, "E_ORD": 185833.529027, "N_ORD": 687177.486594, "DATA_YEAR": 2014, "PRDCT_VER": "2015-07", "X": 185833.529027, "Y": 687177.486594, "lon": 34.846864118397946, "lat": 32.27737669089315}}, {"type": "Feature", "geometry": {"type": "Point", "coordinates": [34.860465, 32.278539]}, "properties": {"UNIQ_ID": 51592530, "FCODE_TYPE": 256, "SETL_CODE": 7400, "SETL_NAME": "\u05e0\u05ea\u05e0\u05d9\u05d4", "NAME": "\u05de\u05d2\u05e8\u05e9 \u05d7\u05e0\u05d9\u05d4", "LATIN_NAME": null, "USG_GROUP": 51, "USG_CODE": 6824, "E_ORD": 187115.365527, "N_ORD": 687302.196294, "DATA_YEAR": 0, "PRDCT_VER": null, "X": 187115.365527, "Y": 687302.196294, "lon": 34.86046518169108, "lat": 32.27853899694714}}, {"type": "Feature", "geometry": {"type": "Point", "coordinates": [34.855994, 32.344599]}, "properties": {"UNIQ_ID": 64745968, "FCODE_TYPE": 256, "SETL_CODE": 7400, "SETL_NAME": "\u05e0\u05ea\u05e0\u05d9\u05d4", "NAME": "\u05de\u05d2\u05e8\u05e9 \u05d7\u05e0\u05d9\u05d4", "LATIN_NAME": null, "USG_GROUP": 51, "USG_CODE": 6824, "E_ORD": 186717.946827, "N_ORD": 694629.726594, "DATA_YEAR": 0, "PRDCT_VER": null, "X": 186717.946827, "Y": 694629.726594, "lon": 34.855994074514115, "lat": 32.34459949785332}}, {"type": "Feature", "geometry": {"type": "Point", "coordinates": [34.880879, 32.301712]}, "properties": {"UNIQ_ID": 64746129, "FCODE_TYPE": 256, "SETL_CODE": 7400, "SETL_NAME": "\u05e0\u05ea\u05e0\u05d9\u05d4", "NAME": "\u05de\u05d2\u05e8\u05e9 \u05d7\u05e0\u05d9\u05d4", "LATIN_NAME": null, "USG_GROUP": 51, "USG_CODE": 6824, "E_ORD": 189046.398527, "N_ORD": 689866.128594, "DATA_YEAR": 0, "PRDCT_VER": null, "X": 189046.398527, "Y": 689866.128594, "lon": 34.880879189758375, "lat": 32.301712189540304}}, {"type": "Feature", "geometry": {"type": "Point", "coordinates": [34.87, 32.332004]}, "properties": {"UNIQ_ID": 64746045, "FCODE_TYPE": 256, "SETL_CODE": 7400, "SETL_NAME": "\u05e0\u05ea\u05e0\u05d9\u05d4", "NAME": "\u05de\u05d2\u05e8\u05e9 \u05d7\u05e0\u05d9\u05d4", "LATIN_NAME": null, "USG_GROUP": 51, "USG_CODE": 6824, "E_ORD": 188032.205227, "N_ORD": 693228.612294, "DATA_YEAR": 0, "PRDCT_VER": null, "X": 188032.205227, "Y": 693228.612294, "lon": 34.87000030372322, "lat": 32.3320035332042}}, {"type": "Feature", "geometry": {"type": "Point", "coordinates": [34.84481, 32.295279]}, "properties": {"UNIQ_ID": 51593212, "FCODE_TYPE": 226, "SETL_CODE": 7400, "SETL_NAME": "\u05e0\u05ea\u05e0\u05d9\u05d4", "NAME": "\u05d7\u05e0\u05d9\u05d5\u05df - \u05de\u05e7\u05d5\u05e8\u05d4", "LATIN_NAME": null, "USG_GROUP": 51, "USG_CODE": 6824, "E_ORD": 185646.646327, "N_ORD": 689163.491994, "DATA_YEAR": 2014, "PRDCT_VER": "2015-07", "X": 185646.646327, "Y": 689163.491994, "lon": 34.844809873883236, "lat": 32.29527884326148}}, {"type": "Feature", "geometry": {"type": "Point", "coordinates": [34.886948, 32.313074]}, "properties": {"UNIQ_ID": 51589952, "FCODE_TYPE": 256, "SETL_CODE": 7400, "SETL_NAME": "\u05e0\u05ea\u05e0\u05d9\u05d4", "NAME": "\u05de\u05d2\u05e8\u05e9 \u05d7\u05e0\u05d9\u05d4", "LATIN_NAME": null, "USG_GROUP": 51, "USG_CODE": 6824, "E_ORD": 189621.782827, "N_ORD": 691124.438694, "DATA_YEAR": 2014, "PRDCT_VER": "2015-07", "X": 189621.782827, "Y": 691124.438694, "lon": 34.886948346855384, "lat": 32.31307388001287}}, {"type": "Feature", "geometry": {"type": "Point", "coordinates": [34.861814, 32.282784]}, "properties": {"UNIQ_ID": 51585465, "FCODE_TYPE": 256, "SETL_CODE": 7400, "SETL_NAME": "\u05e0\u05ea\u05e0\u05d9\u05d4", "NAME": "\u05de\u05d2\u05e8\u05e9 \u05d7\u05e0\u05d9\u05d4 - \u05d8\u05d1\u05e2", "LATIN_NAME": null, "USG_GROUP": 51, "USG_CODE": 6824, "E_ORD": 187243.956727, "N_ORD": 687772.571094, "DATA_YEAR": 0, "PRDCT_VER": null, "X": 187243.956727, "Y": 687772.571094, "lon": 34.861814107857555, "lat": 32.28278408302207}}, {"type": "Feature", "geometry": {"type": "Point", "coordinates": [34.852993, 32.286282]}, "properties": {"UNIQ_ID": 64746167, "FCODE_TYPE": 256, "SETL_CODE": 7400, "SETL_NAME": "\u05e0\u05ea\u05e0\u05d9\u05d4", "NAME": "\u05de\u05d2\u05e8\u05e9 \u05d7\u05e0\u05d9\u05d4", "LATIN_NAME": null, "USG_GROUP": 51, "USG_CODE": 6824, "E_ORD": 186414.230527, "N_ORD": 688163.224594, "DATA_YEAR": 0, "PRDCT_VER": null, "X": 186414.230527, "Y": 688163.224594, "lon": 34.85299335011757, "lat": 32.28628239650877}}, {"type": "Feature", "geometry": {"type": "Point", "coordinates": [34.873081, 32.322562]}, "properties": {"UNIQ_ID": 51586478, "FCODE_TYPE": 256, "SETL_CODE": 7400, "SETL_NAME": "\u05e0\u05ea\u05e0\u05d9\u05d4", "NAME": "\u05de\u05d2\u05e8\u05e9 \u05d7\u05e0\u05d9\u05d4", "LATIN_NAME": null, "USG_GROUP": 51, "USG_CODE": 6824, "E_ORD": 188319.002427, "N_ORD": 692180.641894, "DATA_YEAR": 0, "PRDCT_VER": null, "X": 188319.002427, "Y": 692180.641894, "lon": 34.87308060670555, "lat": 32.32256206903708}}, {"type": "Feature", "geometry": {"type": "Point", "coordinates": [34.87637, 32.309649]}, "properties": {"UNIQ_ID": 64746122, "FCODE_TYPE": 256, "SETL_CODE": 7400, "SETL_NAME": "\u05e0\u05ea\u05e0\u05d9\u05d4", "NAME": "\u05de\u05d2\u05e8\u05e9 \u05d7\u05e0\u05d9\u05d4", "LATIN_NAME": null, "USG_GROUP": 51, "USG_CODE": 6824, "E_ORD": 188624.358827, "N_ORD": 690747.672194, "DATA_YEAR": 0, "PRDCT_VER": null, "X": 188624.358827, "Y": 690747.672194, "lon": 34.87636984053431, "lat": 32.30964949240498}}, {"type": "Feature", "geometry": {"type": "Point", "coordinates": [34.859039, 32.341886]}, "properties": {"UNIQ_ID": 51587478, "FCODE_TYPE": 256, "SETL_CODE": 7400, "SETL_NAME": "\u05e0\u05ea\u05e0\u05d9\u05d4", "NAME": "\u05de\u05d2\u05e8\u05e9 \u05d7\u05e0\u05d9\u05d4", "LATIN_NAME": null, "USG_GROUP": 51, "USG_CODE": 6824, "E_ORD": 187003.597727, "N_ORD": 694327.874294, "DATA_YEAR": 0, "PRDCT_VER": null, "X": 187003.597727, "Y": 694327.874294, "lon": 34.85903853322501, "lat": 32.34188606587975}}, {"type": "Feature", "geometry": {"type": "Point", "coordinates": [34.856244, 32.33218]}, "properties": {"UNIQ_ID": 64746042, "FCODE_TYPE": 256, "SETL_CODE": 7400, "SETL_NAME": "\u05e0\u05ea\u05e0\u05d9\u05d4", "NAME": "\u05de\u05d2\u05e8\u05e9 \u05d7\u05e0\u05d9\u05d4", "LATIN_NAME": null, "USG_GROUP": 51, "USG_CODE": 6824, "E_ORD": 186736.971627, "N_ORD": 693252.298094, "DATA_YEAR": 0, "PRDCT_VER": null, "X": 186736.971627, "Y": 693252.298094, "lon": 34.856243723883765, "lat": 32.33217988810236}}, {"type": "Feature", "geometry": {"type": "Point", "coordinates": [34.871074, 32.334625]}, "properties": {"UNIQ_ID": 64746172, "FCODE_TYPE": 256, "SETL_CODE": 7400, "SETL_NAME": "\u05e0\u05ea\u05e0\u05d9\u05d4", "NAME": "\u05de\u05d2\u05e8\u05e9 \u05d7\u05e0\u05d9\u05d4", "LATIN_NAME": null, "USG_GROUP": 51, "USG_CODE": 6824, "E_ORD": 188134.227327, "N_ORD": 693519.006994, "DATA_YEAR": 0, "PRDCT_VER": null, "X": 188134.227327, "Y": 693519.006994, "lon": 34.871074209854974, "lat": 32.334624874139784}}, {"type": "Feature", "geometry": {"type": "Point", "coordinates": [34.855713, 32.27546]}, "properties": {"UNIQ_ID": 51592685, "FCODE_TYPE": 256, "SETL_CODE": 7400, "SETL_NAME": "\u05e0\u05ea\u05e0\u05d9\u05d4", "NAME": "\u05de\u05d2\u05e8\u05e9 \u05d7\u05e0\u05d9\u05d4", "LATIN_NAME": null, "USG_GROUP": 51, "USG_CODE": 6824, "E_ORD": 186666.522227, "N_ORD": 686962.174994, "DATA_YEAR": 0, "PRDCT_VER": null, "X": 186666.522227, "Y": 686962.174994, "lon": 34.85571286671961, "lat": 32.27545995244424}}, {"type": "Feature", "geometry": {"type": "Point", "coordinates": [34.854092, 32.329331]}, "properties": {"UNIQ_ID": 64746048, "FCODE_TYPE": 256, "SETL_CODE": 7400, "SETL_NAME": "\u05e0\u05ea\u05e0\u05d9\u05d4", "NAME": "\u05de\u05d2\u05e8\u05e9 \u05d7\u05e0\u05d9\u05d4", "LATIN_NAME": null, "USG_GROUP": 51, "USG_CODE": 6824, "E_ORD": 186533.302627, "N_ORD": 692937.041394, "DATA_YEAR": 0, "PRDCT_VER": null, "X": 186533.302627, "Y": 692937.041394, "lon": 34.85409164796622, "lat": 32.3293312507608}}, {"type": "Feature", "geometry": {"type": "Point", "coordinates": [34.859083, 32.27905]}, "properties": {"UNIQ_ID": 64746155, "FCODE_TYPE": 256, "SETL_CODE": 7400, "SETL_NAME": "\u05e0\u05ea\u05e0\u05d9\u05d4", "NAME": "\u05de\u05d2\u05e8\u05e9 \u05d7\u05e0\u05d9\u05d4", "LATIN_NAME": null, "USG_GROUP": 51, "USG_CODE": 6824, "E_ORD": 186985.303427, "N_ORD": 687359.315394, "DATA_YEAR": 0, "PRDCT_VER": null, "X": 186985.303427, "Y": 687359.315394, "lon": 34.8590827429711, "lat": 32.27905027211598}}]}